,_hrv_median_nni,_hrv_ratio_sd2_sd1,_hrv_median_nni,_hrv_vlf,_hrv_lf,_hrv_hf,_hrv_lf_hf_ratio,_hrv_total_power,150_RRV_MedianBB,150_RRV_LF,270_RRV_MCVBB,150_RRV_CVBB
0,781.25,2.7084461501766395,781.25,74.44953852230768,53.68271226819486,37.33830251167034,1.4377384256131076,165.4705533021729,4812.5,0.0356253718778034,0.4811086092715231,0.291497813350243
1,785.15625,2.006643525954135,785.15625,46.74733416309597,103.05722802682412,33.646313956418425,3.062957450861115,183.4508761463385,4812.5,0.0356253718778034,0.4811086092715231,0.291497813350243
2,785.15625,1.124402891555375,785.15625,11.23110721297902,16.897465831754804,42.65971700407928,0.3960988730923603,70.7882900488131,3937.5,0.0455945926991056,0.4811086092715231,0.2957351457064845
3,792.96875,1.8679687776202765,792.96875,17.79151450596432,31.38435486837961,33.311689634314426,0.9421423894406884,82.48755900865837,4015.625,0.0672360662486393,0.4811086092715231,0.3198116945562129
4,781.25,1.4547839387230586,781.25,53.1635371058282,753.1812231632993,889.9252405606674,0.8463421294678448,1696.2700008297948,3875.0,0.0514139775063812,0.1897728,0.3184478130627369
5,765.625,3.0019348742675342,765.625,14.990699246849958,4.395469395180834,18.341757507339658,0.239642760156541,37.72792614937045,3843.75,0.0495644906715235,0.1897728,0.3288554702755184
6,765.625,1.4588475746131575,765.625,9.108471474726146,18.64641301051455,53.22956522011191,0.3503018094062754,80.9844497053526,3875.0,0.0577802307245646,0.1838424,0.350122067834773
7,773.4375,1.0264706621104034,773.4375,0.4431116883098576,3.513894136788851,23.629181778083137,0.148709937135788,27.586187603181845,3843.75,0.0563253987076689,0.1808048780487804,0.2967488305920752
8,773.4375,1.6763757479432606,773.4375,29.47700311477528,38.67186187440977,45.6726055693843,0.8467189772140493,113.82147055856936,3812.5,0.0497491020195913,0.1687512195121951,0.2927920268769826
9,777.34375,2.493591996813528,777.34375,55.347200951864,50.14954478462278,19.828289504235848,2.529191677068741,125.32503524072264,3843.75,0.0576428129730572,0.1403283950617283,0.307770066761337
10,800.78125,3.646096463325887,800.78125,231.350518729843,289.289784047338,29.765095775867444,9.719094681424966,550.4053985530484,3843.75,0.0614111249730741,0.135905,0.2965025179550567
11,789.0625,1.2612435258978378,789.0625,2.4348947188186205,8.680915227469674,61.2223755448036,0.14179317855964,72.33818549109189,3734.375,0.047122912692628,0.1121294117647058,0.2782007001284398
12,791.015625,1.3829350799140865,791.015625,4.438414232406229,12.756218623725584,34.66926077637826,0.3679403119093031,51.86389363251007,3750.0,0.0346997300302572,0.1178635983263598,0.3330455964269512
13,777.34375,2.3301571329608497,777.34375,146.47689869663233,13.881693906247506,43.28059331695922,0.3207371443498223,203.63918591983904,3578.125,0.0302306758489189,0.14826,0.2999205745002112
14,789.0625,1.9603264176378667,789.0625,7.294351043970634,16.0879648493784,15.295102617862694,1.0518376536153309,38.67741851121173,3531.25,0.033776561769158,0.1370470588235294,0.3350987955260104
15,789.0625,1.059101593643523,789.0625,0.4883204626935254,2.630281097153289,41.67271377776552,0.0631175860343579,44.79131533761233,3750.0,0.0486757240947048,0.1626481012658227,0.3733138565536891
16,785.15625,1.845855623412749,785.15625,46.22705596646375,38.70749396216404,28.093769585164203,1.377796377407635,113.02831951379198,3781.25,0.0257760142509144,0.1495058823529411,0.4070858021219794
17,789.0625,1.088458795967704,789.0625,19.10597934392652,24.89868402337037,75.40970838576068,0.3301787602201084,119.41437175305757,3781.25,0.0327883962320546,0.1972814516129032,0.3697223616213399
18,777.34375,1.910942784693252,777.34375,18.410923755405232,21.300258081081985,29.58373010066409,0.7199990673455962,69.29491193715131,4093.75,0.0529923983989095,0.2169658536585365,0.3493098726248257
19,787.109375,1.709936103967288,787.109375,36.30082639585517,48.047064997561314,22.95105258668304,2.093458015317337,107.29894398009952,4031.25,0.0538498358600981,0.2135949152542372,0.291301349871859
20,787.109375,2.0768045139985136,787.109375,35.811506546023764,46.52357345694116,23.98157245924006,1.939971765238259,106.31665246220498,3750.0,0.0257470798596033,0.2080842105263158,0.2413664347733144
21,787.109375,1.250907701583473,787.109375,2.9880265419074363,7.162138529162968,30.85093175336928,0.2321530703324958,41.001096824439685,3468.75,0.0764411872465459,0.1869945945945945,0.2568048746318769
22,781.25,1.1480091897786062,781.25,20.183734970802792,69.04393141861355,125.41529152895946,0.5505224329257388,214.6429579183758,3421.875,0.0746845525275604,0.1360183486238532,0.2807701782959311
23,785.15625,1.2235865272708684,785.15625,3.0181553860380026,6.424986497874393,25.856964513074576,0.248481854651794,35.300106396986976,3312.5,0.0355784809199251,0.1632220183486238,0.2473649208940583
24,789.0625,1.2351732220434073,789.0625,7.436920685009648,12.51143548321134,44.59939114044042,0.2805292889271445,64.5477473086614,3281.25,0.0856363898522329,0.1752163636363636,0.199906175039101
25,785.15625,1.1727726926340003,785.15625,1.2698138156632528,4.256785907423954,26.89152182397268,0.1582947196253209,32.41812154705988,3312.5,0.0786242761155331,0.1564211009174311,0.1911693310513012
26,785.15625,1.0811120887232193,785.15625,3.4091584005914464,8.165874397117253,23.783388503348952,0.3433436070712721,35.35842130105765,3437.5,0.072238083014327,0.1328745283018867,0.3443542318345017
27,781.25,1.7988145802300592,781.25,6.501998198600501,11.428888937099227,19.2400427547786,0.5940157765117576,37.17092989047833,3453.125,0.0954778200116077,0.1247046728971962,0.3183847906292165
28,789.0625,1.770711041843189,789.0625,285.4688309844647,492.3624781847801,449.37545820049314,1.095659474054117,1227.206767369738,3375.0,0.034183026547283,0.1258811320754717,0.318760605113233
29,804.6875,1.4633655887087251,804.6875,18.02449581157936,24.79978567680845,18.258623884117554,1.3582505359771826,61.082905372505365,3406.25,0.038557859873962,0.1328745283018867,0.3163756925480734
30,792.96875,1.0444747793086129,792.96875,0.7737085081314757,7.255412277048876,34.30996582454768,0.2114666133493453,42.33908660972804,3281.25,0.0336543990787367,0.1632220183486238,0.3186131041325512
31,789.0625,0.94641468593043,789.0625,0.135985996855987,3.815721334507433,40.69392238514296,0.0937663688054932,44.64562971650638,3281.25,0.0354894193957346,0.1496201834862385,0.3010144176184023
32,785.15625,1.2011807310072369,785.15625,0.9398616651386368,8.108695609410745,27.61224380497256,0.2936630455200634,36.66080107952193,3312.5,0.0322266239691253,0.1213036363636363,0.3407599817966275
33,792.96875,1.7572036663750652,792.96875,29.83984357179744,32.73164447910629,20.30543830470006,1.6119644396708226,82.87692635560379,3406.25,0.0269346997249322,0.1150876712328766,0.3652843668241811
34,800.78125,1.3190886004716569,800.78125,14.25446518712695,22.89120595748169,17.381812263395204,1.3169631342578048,54.527483408003846,3531.25,0.0240739083768483,0.132375,0.347098401974431
35,796.875,1.906399050319345,796.875,27.88118823490828,40.76947002814877,16.58788120967955,2.457786471509001,85.23853947273659,3593.75,0.0170445581735491,0.1180831858407079,0.3262724971900529
36,812.5,1.581809392763791,812.5,6.766235041421783,15.573491930586837,38.47470505169867,0.4047722239757433,60.81443202370729,3593.75,0.0211322073454866,0.1180831858407079,0.2400582193309395
37,816.40625,1.459460717720483,816.40625,57.10865722878006,31.987032331039604,92.0438393686969,0.3475195358041316,181.1395289285165,3593.75,0.026923967860062,0.111031718061674,0.2111182028448766
38,808.59375,1.048412543523212,808.59375,2.969946845524808,3.893355317518693,38.497331072848425,0.1011331229728965,45.360633235891925,3546.875,0.0425459671732167,0.1130233183856502,0.2109991453954278
39,800.78125,1.1562721010123025,800.78125,0.7365890348614387,7.690643833964144,33.57007384964514,0.2290922524749059,41.997306718470725,3437.5,0.0696519633675669,0.1078254545454545,0.2237877366426943
40,796.875,1.1758657823473515,796.875,2.0753416324445486,8.52750630831943,26.31656489846256,0.3240356916345726,36.91941283922653,3406.25,0.0810417762866584,0.1224165137614679,0.2270004108708783
41,796.875,2.909608782994475,796.875,2402.135557320281,4380.338765206967,7174.661559790407,0.6105289746008493,13957.135882317654,3218.75,0.0884949309133905,0.1161483870967741,0.2323678022602844
42,798.828125,1.2507710870337982,798.828125,9.033133945530516,8.50749760512726,44.6752333889844,0.1904298413184106,62.215864939642174,3343.75,0.0881623181683074,0.1229806451612903,0.2294081164579131
43,792.96875,3.2242417969071315,792.96875,49.37770975288651,28.64613088136589,25.353165790269337,1.129883783285179,103.37700642452174,3343.75,0.0101663024641392,0.1372777777777777,0.1077269161519492
44,816.40625,1.134832462340498,816.40625,8.461654756656795,14.009424745042356,25.23484010862601,0.5551620174622593,47.70591961032516,3359.375,0.030648304667031,0.1408805429864253,0.2649175640335311
45,822.265625,1.1584496504908537,822.265625,7.133914337527512,7.385174742434544,41.52541806695272,0.1778470894748657,56.044507146914775,3453.125,0.0280350207103307,0.1213036363636363,0.3421834790873714
46,781.25,4.128020806149311,781.25,491.24058034648135,694.8130662276124,97.84201353542043,7.101377425926321,1283.8956601095142,3687.5,0.0350838116228005,0.1251973333333333,0.3101731091697819
47,808.59375,1.3683897738554078,808.59375,10.88935645263718,9.358903995791938,54.80496983760568,0.1707674326529801,75.0532302860348,3656.25,0.0472868138339412,0.1031373913043478,0.3194456596509269
48,808.59375,1.216068825319644,808.59375,7.167756658786574,4.660361626990955,59.67654713135951,0.078093687570975,71.50466541713705,3734.375,0.0249847692247391,0.0954463519313304,0.3010526199854251
49,796.875,1.3480158615578022,796.875,9.099238600680202,7.022727388582483,35.39195840306422,0.1984272050900257,51.513924392326906,3656.25,0.0912023074281793,0.0837991304347826,0.1931169417705246
50,804.6875,1.5134333595569334,804.6875,7.751464284434096,6.750139055131044,56.72744227294427,0.1189924802647143,71.22904561250941,3593.75,0.0876773637717802,0.0773530434782608,0.1532948487310912
51,816.40625,0.966850225718948,816.40625,0.1300896097249723,7.378601288584434,37.57897677838856,0.1963491803435112,45.08766767669796,3500.0,0.0784842759418521,0.0773530434782608,0.1700117973820885
52,804.6875,0.8372473958149184,804.6875,9.166181109315351,11.01412302845686,69.36443809776262,0.1587863079483682,89.54474223553483,3531.25,0.0808114061524102,0.0780315789473684,0.1542849318068853
53,808.59375,1.1226671041848697,808.59375,5.313303293489176,4.061365098462362,48.648180842873344,0.0834844186996424,58.02284923482488,3531.25,0.0496513508688271,0.0984026548672566,0.3681612623060728
54,796.875,3.5034658402517067,796.875,70.34788911561891,37.673193189053286,29.152903494165848,1.29226213082318,137.17398579883806,3531.25,0.0551539653411974,0.1246433628318584,0.382984770538762
55,792.96875,2.1186393594757487,792.96875,36.59221469575077,94.49964384605232,238.5604950020816,0.3961244456892485,369.6523535438847,3562.5,0.0326855331034328,0.1180831858407079,0.4041800482750537
56,804.6875,2.142121934663748,804.6875,55.87804339662486,41.77551666771845,41.33219763520843,1.0107257551708884,138.98575769955175,3515.625,0.0275687616287532,0.1180831858407079,0.4148129825375652
57,794.921875,1.8313279120852384,794.921875,49.61195405854522,48.41640748199896,52.96772549233872,0.9140737502312032,150.9960870328829,3593.75,0.0281151039931964,0.1251973333333333,0.3900139141765202
58,800.78125,1.043615271368774,800.78125,3.608318703934681,9.46898988722927,35.57761776118022,0.2661501945068723,48.65492635234417,3500.0,0.0451920900588031,0.1257562499999999,0.2804256113706563
59,812.5,1.1576098149619607,812.5,17.48191623766686,42.097609573635694,100.5196958946824,0.4187996113492291,160.09922170598497,3531.25,0.0533400942402329,0.106854054054054,0.2106147930960415
60,808.59375,1.1208868919249872,808.59375,1.2356761581777664,5.506101934736747,40.43373042755616,0.1361759569674595,47.17550852047067,3468.75,0.0458930478977824,0.1001756756756756,0.1880221537718143
61,808.59375,1.1414104975736077,808.59375,2.174348123789135,7.319508666078493,22.082039126719074,0.3314688749564777,31.575895916586703,3468.75,0.0489341227062956,0.0934972972972972,0.1607182820288636
62,804.6875,1.2194208380029603,804.6875,5.667510063901494,6.552625838810334,52.8510897473371,0.1239827952486161,65.07122565004893,3453.125,0.0375955420848485,0.0872117647058823,0.153055667538621
63,808.59375,1.5387300047826316,808.59375,39.92175838053755,5.499449308262325,44.239468863383735,0.1243109252790809,89.66067655218362,3437.5,0.0364533329116711,0.0872117647058823,0.1087354953664591
64,804.6875,1.7912066153230146,804.6875,38.91726275047094,46.93190246272109,41.88021920831455,1.1206221779613708,127.72938442150658,3390.625,0.0263737673826814,0.0808690909090909,0.1062808242467818
65,806.640625,1.3285201728761409,806.640625,13.50265179169717,21.96657627407457,50.8217604052718,0.4322277720981098,86.29098847104353,3406.25,0.046706349313639,0.0943472727272727,0.1512509907967055
66,808.59375,1.0970596349962296,808.59375,2.329821722104098,8.017649264525874,44.20555561138315,0.1813719826306467,54.55302659801312,3406.25,0.0422412627767036,0.0880082191780821,0.1398782535548107
67,812.5,1.6618481481041658,812.5,6.315572534229027,28.308320396381585,29.387221921094632,0.9632867125851527,64.01111485170524,3453.125,0.0524153525551242,0.0801405405405405,0.1592127636236118
68,812.5,1.4325691199493027,812.5,6.7022794296548405,6.599351522153409,45.03959905299892,0.1465233186109812,58.341230004807166,3421.875,0.0598586535821466,0.0801405405405405,0.1661529371569029
69,814.453125,1.1854915563629078,814.453125,0.6541098864096501,2.8944788311108924,21.57990531718779,0.134128430526779,25.12849403470833,3500.0,0.0567622091758497,0.0801405405405405,0.2048953161595724
70,812.5,1.1278106886885315,812.5,0.0724013687645084,10.810964246268512,46.0503538061283,0.2347639779660022,56.93371942116132,3531.25,0.0347576719280271,0.0801405405405405,0.1957149119506382
71,812.5,1.2002120810110366,812.5,2.19967064535568,2.7208877142967847,35.08407754623133,0.0775533491143209,40.00463590588379,3468.75,0.0294850027006269,0.0801405405405405,0.1941083793881823
72,816.40625,1.065971792351852,816.40625,2.1195824934291307,4.892359326296665,41.11504822077731,0.1189919393995586,48.12699004050311,3453.125,0.0194959681778806,0.1088146788990825,0.1941494941087398
73,808.59375,0.7473799983812619,808.59375,6.779678206403093,9.057254211542354,47.42360725650545,0.1909861930694844,63.2605396744509,3390.625,0.0229496123211574,0.1088146788990825,0.2202016586434266
74,808.59375,1.159566554620559,808.59375,1.855650429097042,6.296860826774072,48.19721757132384,0.1306478079871679,56.34972882719495,3359.375,0.0191641013833161,0.1078254545454545,0.172695326222129
75,816.40625,1.042982827347433,816.40625,5.63201885778491,12.252019050217358,18.644941158783634,0.657122966807832,36.52897906678591,3375.0,0.0209459836382671,0.1078254545454545,0.2381357510331935
76,824.21875,1.2598422866385248,824.21875,2.724716339902703,5.7273129786939965,28.6289499830316,0.200053197273689,37.0809793016283,3468.75,0.0268264785305915,0.1078254545454545,0.2291556209401979
77,783.203125,2.426816939876445,783.203125,32.54492421892985,19.723539855175105,50.14111760926575,0.3933605949686755,102.4095816833707,3437.5,0.0692352051403345,0.1202108108108108,0.2191741420960057
78,812.5,2.646509780207672,812.5,433.39782598602864,4141.387610103739,2461.9128733508824,1.6821828485209316,7036.69830944065,3562.5,0.035600111294551,0.1120186666666666,0.2026085436404465
79,824.21875,1.4494571142072217,824.21875,137.83103236722332,1225.6011117073454,1027.3747510791682,1.1929445515572166,2390.806895153737,3593.75,0.0858934205139462,0.1191375,0.1979856808422383
80,828.125,1.2204410579537457,828.125,3.1020093540779383,2.5573871371933485,39.91226464669093,0.0640752199814193,45.57166113796222,3562.5,0.0835731570404627,0.1040421052631579,0.1129446970243041
81,816.40625,1.0641148874415067,816.40625,4.391783073936252,6.680101322830417,25.72538819926398,0.259669602304448,36.79727259603065,3531.25,0.0780033810584334,0.1040421052631579,0.1587882727176058
82,808.59375,1.3106529977705723,808.59375,3.0617397508536075,5.922244272338547,31.25259072683647,0.1894961068700503,40.23657475002862,3562.5,0.0840805911674052,0.1040421052631579,0.2092296664230672
83,824.21875,1.439154376609777,824.21875,4.406234052760393,4.650191125852922,33.44997997413894,0.1390192499202722,42.50640515275226,3531.25,0.0688809243102731,0.1040421052631579,0.2161777866474358
84,812.5,2.026094761133605,812.5,60.28509738572816,36.73501694975951,60.70389503562655,0.6051509038785743,157.72400937111422,3531.25,0.0496945314504805,0.1208987124463519,0.2670097677896103
85,824.21875,1.0670649726558523,824.21875,1.0532686917042722,3.783445924845761,24.61021543064597,0.1537347747120657,29.446930047196005,3531.25,0.0460328374345711,0.1208987124463519,0.3367250337921935
86,812.5,1.6581358782279236,812.5,20.50665949206948,15.890660537572373,74.39082185577597,0.2136104984614922,110.78814188541782,3687.5,0.056344300435727,0.1324876595744681,0.3472039396863859
87,812.5,2.6612907683479907,812.5,9783.956578231417,40789.10290522185,8962.680500202234,4.550993746156799,59535.7399836555,3718.75,0.0441052669997559,0.1324876595744681,0.3331193712585312
88,812.5,2.1197243948898468,812.5,2461.732450065259,10164.029901080004,3785.228019430814,2.685182992650565,16410.990370576077,3750.0,0.0652267128393054,0.1214198275862068,0.3244349241865539
89,808.59375,1.1372707901168717,808.59375,12.86117853407619,21.106139613354006,48.492206913058055,0.4352480729778977,82.45952506048826,3687.5,0.057406299873932,0.1382084745762711,0.2910230886762182
90,800.78125,1.2378857878482128,800.78125,13.227799861441996,21.14300277576552,28.29463986156347,0.7472441027421236,62.665442498770986,3609.375,0.0561010536654646,0.1766502127659574,0.2336918911222882
91,785.15625,2.397888102260394,785.15625,80.21891073565007,81.90562996342766,48.35064894845542,1.6939923609038583,210.4751896475332,3593.75,0.0257043340037872,0.1675982608695652,0.3175355279196826
92,775.390625,1.9525089661316644,775.390625,891.7289960946489,2939.200974761361,2435.7165685437208,1.2067089466483645,6266.646539399731,3515.625,0.067580286044731,0.1476181818181818,0.3797812839421042
93,761.71875,3.013797810306731,761.71875,421.4921271824088,82.1386680652837,27.4355885906138,2.99387300527552,531.0663838383063,3500.0,0.0769979271843294,0.173290909090909,0.3876967604159267
94,769.53125,3.096289863725317,769.53125,58.97839181836132,48.80358354650311,26.92366115741661,1.8126651966521008,134.70563652228105,3531.25,0.0823568292672753,0.2354343347639484,0.4332984184022849
95,781.25,2.572512797124606,781.25,161.45080732632897,3946.889629821774,3214.6921646749806,1.227765965647545,7323.0326018230835,3937.5,0.0910380398626105,0.3632072289156626,0.423448877900004
96,769.53125,2.3061214507880994,769.53125,115.9156198620235,67.08148964888011,197.4551586803657,0.3397302460832109,380.45226819126935,3796.875,0.0904862035150288,0.4268090909090908,0.4188174353097388
97,791.015625,4.172999886386128,791.015625,66.12226108292438,39.72647227868406,10.289445573682428,3.860895321735649,116.13817893529088,4843.75,0.0926771182925024,0.4204388059701492,0.3697343971885605
98,792.96875,1.0224358799093576,792.96875,10.620495826016215,99.52476523566988,501.1410491435005,0.1985963141629837,611.2863102051866,4843.75,0.0936290679125777,0.3678631578947368,0.4107308750697541
99,787.109375,2.0080647785210504,787.109375,1744.7173791225168,64856.75237264,34102.3651553702,1.9018256381090568,100703.83490713272,4671.875,0.0408653299259604,0.3917237458193979,0.4180240102615897
100,644.53125,1.560850676584831,644.53125,63.26210116605276,228.92317978146167,276.7439280431961,0.8272021771177931,568.9292089907105,4218.75,0.0523937634108629,0.3832571428571428,0.4458193656180466
101,650.390625,2.1553280300942306,650.390625,256.3404408937237,491.308282771569,2419.5208556850725,0.2030601561532967,3167.169579350365,4593.75,0.0671263772860844,0.3600599999999999,0.4271577757819409
102,718.75,1.86064303959552,718.75,272.3742414678584,235.9724966319781,1011.0561230912264,0.2333920850115722,1519.4028611910628,4062.5,0.0884333150931538,0.3268724409448819,0.3924922346478299
103,744.140625,3.0076246100218245,744.140625,2593.508185158903,5481.0531783416445,1141.7932949948922,4.800390055159821,9216.35465849544,4062.5,0.0714701713183321,0.3133951219512195,0.3722704649943566
104,787.109375,1.4434797421350634,787.109375,2.3507718950733425,1402.2691337983497,6788.108228349013,0.2065773094103135,8192.728134042436,3906.25,0.0802910969416143,0.2248204918032786,0.3116546590151083
105,804.6875,2.0179050143055925,804.6875,207.06951197205504,199.4437217971136,286.3630384728157,0.696471593753,692.8762722419843,3750.0,0.0826392604975008,0.194439344262295,0.2797629288056839
106,816.40625,1.4779633952033,816.40625,24.00497478099455,23.645377242721555,27.15580669163694,0.8707300619430143,74.80615871535305,3625.0,0.029278735157811,0.1579819672131147,0.2395759621491055
107,816.40625,2.374664538352,816.40625,2.694066517415012,17.396503165093755,27.520250990843607,0.6321346113769757,47.61082067335238,3687.5,0.0296099426102508,0.1130796610169491,0.2129577234400828
108,824.21875,2.034851319612218,824.21875,958.7834164915632,4807.54125990978,2195.3131157726702,2.189911418726117,7961.637792174013,3687.5,0.0170669983362213,0.1022482758620689,0.2026255348391183
109,820.3125,1.186749323627836,820.3125,2.961000623531554,7.157402856789819,13.004263943824414,0.5503889253331246,23.12266742414579,3625.0,0.0354769748491321,0.1130796610169491,0.190226504015672
110,812.5,3.741300744799918,812.5,58.04825225601892,45.73764967164887,11.4872303305495,3.9816081296822894,115.27313225821727,3750.0,0.0793740207156037,0.135905,0.2152357238371151
111,828.125,3.5231424062552508,828.125,14.763845231547542,5.12626710596149,14.372267829316463,0.3566776772351097,34.262380166825494,3812.5,0.0681895838940215,0.135905,0.2474283171559425
112,820.3125,2.1327312429208187,820.3125,13.602106735296722,5.658707956628238,12.860680174336077,0.4400006749192303,32.12149486626104,3812.5,0.067693130133941,0.1281259259259259,0.2434788483546033
113,808.59375,2.478725885015833,808.59375,28.475335999409364,21.79364753128871,19.16607633077321,1.137094893872287,69.43505986147127,3750.0,0.0709505696596823,0.1458295081967213,0.2461015165885252
114,824.21875,2.00338061463792,824.21875,14.154292767857331,26.9665043371932,17.080497327752145,1.5787891780749503,58.20129443280267,3796.875,0.0871046840913433,0.1633885714285714,0.204069358460008
115,828.125,1.033577942260673,828.125,0.2006142627444811,4.336065916574899,18.952351942615515,0.2287877478058536,23.48903212193489,3843.75,0.0891460843303155,0.1620655870445344,0.2329429007571889
116,832.03125,1.3628033193889717,832.03125,4.032686039675125,4.056745726491666,20.6621732904408,0.1963368358917253,28.751605056607595,3843.75,0.0886730122086668,0.1687512195121951,0.2887836298934731
117,808.59375,1.0964871792087716,808.59375,45.26429754677201,29.12880021358736,59.11469133563064,0.49275060996606,133.50778909599,4156.25,0.0785250723201528,0.1793467741935484,0.322781387121101
118,820.3125,1.4988974287831207,820.3125,29.93345019343074,22.20074377479387,23.2047721223624,0.956731816099114,75.33896609058701,4093.75,0.0379223133377675,0.1928585365853658,0.3330664550199391
119,808.59375,1.5577179811629096,808.59375,108.53604059829595,120.24762575229178,88.34620803182207,1.361095494998256,317.1298743824098,4218.75,0.0314380365424773,0.229860465116279,0.3426265840634803
120,796.875,2.180021565802854,796.875,21.504209630437845,146.32582931465697,40.380260688049646,3.6236969950508873,208.21029963314447,4078.125,0.0306737857515787,0.2471,0.3419240656421588
121,816.40625,2.130286075607033,816.40625,47.42609348173141,25.30419444136012,5.104953140517636,4.956792696199814,77.83524106360917,3906.25,0.0481276879305961,0.2229473684210526,0.3197774950239169
122,824.21875,2.0241633505654826,824.21875,18.57006656937777,28.19315895122775,27.385771363702776,1.0294820100848097,74.14899688430829,4093.75,0.04823632784197,0.2332179775280898,0.2534435639281462
123,816.40625,1.6594035271348888,816.40625,8.29524441963724,10.987650030144414,41.28905192914192,0.2661153384921706,60.57194637892357,4171.875,0.0379074647186949,0.1460136363636363,0.2233451250317599
124,816.40625,1.2514030184199922,816.40625,0.1569988772211416,8.431502488155868,45.56551209789418,0.1850413196287885,54.154013463271184,4218.75,0.0361958290212824,0.1684772727272727,0.333878005570577
125,816.40625,1.068623526765269,816.40625,0.0474094395476583,3.313679207844343,46.1323135039401,0.0718298944092913,49.4934021513321,4125.0,0.0642554296146911,0.1572454545454545,0.3223266502519438
126,808.59375,1.9464252251588587,808.59375,20.47414709077483,24.930867607246675,38.57437044600126,0.6463065325238792,83.97938514402276,4125.0,0.0627030129038299,0.1149302325581395,0.3179217154554455
127,804.6875,1.5113036609949937,804.6875,6.438229268504996,9.010752192542784,32.7573153763848,0.2750760277210861,48.20629683743258,3984.375,0.0598356857886937,0.1109031496062992,0.3267025521792094
128,792.96875,2.173236276563058,792.96875,81.47591278779468,88.3538616444048,31.792785969203624,2.779053768046298,201.62256040140312,3875.0,0.0594070835956834,0.0941333333333333,0.1325847464846496
129,800.78125,0.6696050188836516,800.78125,2.384703195688925,9.00293979348401,29.479698468547447,0.3053945685058295,40.86734145772039,3812.5,0.0267556356414667,0.107608064516129,0.127309323354931
130,804.6875,1.4437743883600664,804.6875,0.7455646505546993,7.4476200023205825,29.32286378740764,0.2539867884772863,37.51604844028292,3781.25,0.0213540840889564,0.1084829268292682,0.1234507141812279
131,812.5,1.3353970606531596,812.5,1.786349568437403,1.7177558859086075,41.777828521323855,0.0411164473287989,45.281933975669865,3750.0,0.0363131346813271,0.1102760330578512,0.086610440798145
132,812.5,1.219854378499543,812.5,3.592035884166693,4.608342987232781,23.04052288796589,0.2000103474057755,31.240901759365364,3765.625,0.0379573482092943,0.1045817427385892,0.3521110113077588
133,816.40625,1.0079452518289416,816.40625,0.0926268497745763,4.738658334148258,34.72438782339455,0.1364648488044971,39.55567300731739,3718.75,0.0314297710952354,0.1116602510460251,0.3676697769804178
134,806.640625,2.1930727551193674,806.640625,510.5981141318137,2488.5114088008586,2470.7666142738726,1.0071818982920009,5469.876137206545,3750.0,0.0257468393035403,0.1121294117647058,0.3623684291593168
135,796.875,1.2709858422770592,796.875,6.938193719667424,10.85111498844726,35.29967183508786,0.307399882898097,53.08898054320254,3687.5,0.0321941528922404,0.1245882352941176,0.3754102572462985
136,812.5,1.1912440718116672,812.5,6.774126148705035,15.14934057359914,51.13262341929938,0.2962754414020777,73.05609014160356,3593.75,0.0281182912563648,0.1245882352941176,0.235943987798719
137,812.5,1.341890976878259,812.5,11.55054643757082,19.13706852748848,42.63063329102784,0.4489041576475035,73.31824825608713,3593.75,0.0212135969488621,0.1245882352941176,0.1655600506365059
138,820.3125,1.2910680482027506,820.3125,5.228848963843348,86.81326745979837,209.71624165784985,0.4139558613749785,301.7583580814916,3625.0,0.0243701644026745,0.111195,0.2059897613833007
139,816.40625,1.5356346068031757,816.40625,12.880146100597702,11.65921959841565,24.5588215642915,0.4747467042705397,49.09818726330485,3734.375,0.0295736943141045,0.1045817427385892,0.2072408257463471
140,820.3125,1.126621340589563,820.3125,0.5283143128033679,5.411266587499677,40.08634298819968,0.1349902780877918,46.02592388850272,3843.75,0.0222584627134285,0.111195,0.1963684388966562
141,826.171875,1.8424709730257365,826.171875,7.221240469663801,9.958170305780914,57.63378407421403,0.1727835585627685,74.81319484965874,3937.5,0.0160233706174987,0.1205365853658536,0.1910396098974618
142,816.40625,1.5268376402968549,816.40625,10.349050486781987,6.074701601409278,45.52376191036862,0.1334402375043106,61.94751399855989,3906.25,0.0267342697403359,0.1281259259259259,0.1821629506954161
143,816.40625,1.383504205199366,816.40625,4.196902624849137,7.070952058700253,44.55110035927865,0.1587155424148258,55.81895504282804,3984.375,0.0256813142686728,0.1215245901639344,0.1877044010216156
144,814.453125,1.1847017137756997,814.453125,7.177261542410443,23.400265242719072,36.19321213344219,0.646537399235075,66.77073891857171,3765.625,0.0184401962844514,0.1386170731707316,0.2130414822776143
145,824.21875,1.4399496986088909,824.21875,50.94590090591081,164.62272372888617,214.5924536458317,0.7671412527888015,430.1610782806287,3703.125,0.0208402281117868,0.1566975609756097,0.2250930419860397
146,820.3125,1.9772170260471715,820.3125,22.02394443332252,17.59864931119403,56.36591234603952,0.3122214930746273,95.98850609055609,3625.0,0.0649273267206622,0.1592876033057851,0.2242360601403798
147,800.78125,2.051051557399429,800.78125,32.82037311769217,48.626770065369634,17.421013740737962,2.791270978201397,98.86815692379976,3687.5,0.0550805761085451,0.1626481012658227,0.1868994680334754
148,800.78125,1.5364302003728516,800.78125,0.0372926964126741,3.989953288581365,48.27207983429608,0.0826555081587059,52.29932581929012,3781.25,0.0556319478025616,0.1533724137931034,0.2444095736866247
149,804.6875,0.870471694980182,804.6875,7.110904161600194,4.923200769723643,33.43655350154738,0.1472400787209066,45.47065843287122,3687.5,0.0617406067517913,0.1312035398230088,0.2542128242360253
150,804.6875,1.9514638138146063,804.6875,4.151197108453941,12.822349761629884,60.34910823518767,0.2124695813508902,77.3226551052715,3578.125,0.0279163589125168,0.1240942731277533,0.2552449089734236
151,804.6875,1.2245042454719106,804.6875,8.051467620272861,2.398402616041067,51.0507967409841,0.046980708806756,61.500666977298025,3500.0,0.0194022706961891,0.1365552631578947,0.2578759427481503
152,808.59375,1.2405267161876516,808.59375,0.9530835364337784,3.896270989756938,40.4598668349096,0.0962996493699567,45.30922136110032,3453.125,0.0362966048794708,0.1424331877729257,0.2216190601326897
153,804.6875,1.5122384372858146,804.6875,10.282087145554025,9.953946366851408,35.29032562984432,0.2820587849275484,55.52635914224975,3468.75,0.0406357628829092,0.1289217391304347,0.1382709061302131
154,808.59375,1.620153938406611,808.59375,18.68698759043037,10.22326303252506,46.37944983695263,0.2204265697084599,75.28970045990806,3531.25,0.0534136412190959,0.1170473684210526,0.1345297276812503
155,824.21875,1.5021368888580495,824.21875,125.0154528322107,841.6295178327346,729.5713194745953,1.153594577208488,1696.2162901395404,3593.75,0.0589476244918657,0.1170473684210526,0.1657311082279674
156,820.3125,1.1434301169867933,820.3125,0.1050823063104934,3.048302956636049,35.73743516671766,0.085297194452134,38.8908204296642,3750.0,0.0360825230149276,0.1267179487179487,0.2322996397708846
157,820.3125,1.1687939977220447,820.3125,1.3599315400534848,4.452963528323352,44.18715413964257,0.1007750694749623,50.00004920801941,3687.5,0.0387608560869102,0.1566975609756097,0.2296082003650622
158,824.21875,1.3516281055371626,824.21875,3.153060821526863,30.60648091339516,56.992749989779966,0.5370241112928146,90.752291724702,3859.375,0.0408971292562862,0.1560631578947368,0.3266167724152677
159,826.171875,1.201543796012413,826.171875,2.822983777774967,5.032506565473995,28.61483780115772,0.1758705256498216,36.47032814440668,3859.375,0.0473776239959743,0.177912,0.3243368890103481
160,835.9375,1.6465204358620174,835.9375,50.54451110583873,8.327414730108678,16.99488634317304,0.4899953175299614,75.86681217912044,3875.0,0.043509852360234,0.1969078124999999,0.3435421911939254
161,835.9375,1.2354709674040891,835.9375,1.9651829097179028,21.443559260385346,24.926400302558623,0.8602750096324266,48.33514247266187,4218.75,0.0449614004414549,0.2263511450381679,0.3501268319890349
162,828.125,1.763229150022936,828.125,4.7858066192455135,5.836701508270815,23.30895604338865,0.2504059597266406,33.93146417090499,4546.875,0.0455772972552783,0.2813693430656934,0.3221325687457517
163,722.65625,2.14959626521474,722.65625,8323.203556807552,32348.71456791917,10488.88222751576,3.084095508581262,51160.80035224248,4625.0,0.028107985499291,0.2819028169014084,0.3202682145983594
164,738.28125,2.361927842174252,738.28125,156.9551137530661,93.4551948758743,96.24612449318349,0.9710021610531774,346.6564331221239,4640.625,0.0079161743691107,0.2411148788927335,0.3373206315362612
165,773.4375,2.106495220169572,773.4375,310.7088453415598,1140.7224039896716,1436.671500957766,0.794003641910626,2888.1027502889974,4625.0,0.0759966064318255,0.1969888111888111,0.3321564013592571
166,800.78125,2.106495827820136,800.78125,365.1338366025376,2286.4808476691696,1201.305353063999,1.9033302747193848,3852.920037335706,4437.5,0.0707123517985802,0.1800299999999999,0.2882282228854465
167,808.59375,2.2059891493970896,808.59375,28.759742864974346,24.804449394707675,46.523447543491024,0.5331601741577726,100.08763980317303,4312.5,0.0639350252323665,0.1659626865671641,0.2548677698233794
168,816.40625,2.1886835747397995,816.40625,21.61285664605405,10.765353108234985,15.151283311199904,0.7105241772013584,47.52949306548894,4281.25,0.065408976978666,0.1816624505928853,0.2074767819242609
169,828.125,1.4643740670042469,828.125,6.241823338674553,8.10206279365409,22.590164682765906,0.3586544368946179,36.934050815094544,4062.5,0.0315426673279583,0.1554338709677419,0.1624806839484262
170,832.03125,1.7573792434313014,832.03125,221.9852955183312,1431.6907012833249,1057.039274145602,1.3544347275464774,2710.7152709472584,3843.75,0.0269275962873458,0.1701344262295081,0.1730395789025548
171,835.9375,1.6649675623049838,835.9375,111.00703238455188,40.85349079632245,46.37948409926598,0.8808526353782581,198.2400072801404,3656.25,0.0472519121613529,0.1592876033057851,0.1282047529917545
172,835.9375,1.3543350520615305,835.9375,2.4259221680420207,3.7033054565333225,27.952848885034456,0.1324840080438462,34.0820765096098,3500.0,0.0439296230556919,0.1470347107438016,0.1287454107343021
173,835.9375,1.2382364439691709,835.9375,0.6470166129966922,5.655607681429679,26.628654191893872,0.2123880403671066,32.931278486320245,3484.375,0.062436919719475,0.1225289256198347,0.1691361889822004
174,832.03125,1.2389783313272742,832.03125,0.8382712164509354,8.10656427651644,41.40732002031401,0.1957761157336297,50.35215551328139,3656.25,0.0723299423160156,0.1193618644067796,0.1886072641295502
175,792.96875,2.459295255433213,792.96875,40.72087232180102,18.805340239106464,19.45541201599061,0.9665865839104384,78.9816245768981,3796.875,0.0491878696380089,0.1100620087336244,0.1751590565343654
176,832.03125,1.7811515834962324,832.03125,355.3670780784145,1981.8231977520736,1365.160646706394,1.4517142744580638,3702.350922536882,3859.375,0.0445686894462913,0.1140461538461538,0.2148278252180398
177,847.65625,1.891057785937704,847.65625,289.21842536268167,1529.9148131368872,940.6010001082916,1.6265290096021032,2759.7342386078603,3750.0,0.0481627615567925,0.1140461538461538,0.2071887575426445
178,841.796875,1.689267755667918,841.796875,430.7234518947806,1925.8957075902456,2727.337781983089,0.7061449154970081,5083.956941468116,3671.875,0.0505194014494025,0.1140461538461538,0.1760075992758901
179,847.65625,1.8568477584022869,847.65625,13.747040068035364,15.518761836039555,8.881623089394227,1.7472889448068234,38.14742499346914,3531.25,0.0397377002879274,0.1013743589743589,0.175292362525474
180,847.65625,1.1742553489743734,847.65625,0.5032835870371865,12.86914283666393,36.851535989016114,0.3492159143787026,50.22396241271723,3484.375,0.028931778355589,0.0894672413793103,0.1785941295346884
181,855.46875,1.0603297817591677,855.46875,0.9692664983652663,1.9440696728466007,29.112453324670632,0.0667779403942967,32.0257894958825,3484.375,0.0267917184835676,0.0773530434782608,0.0820368388004099
182,847.65625,1.6283538371260584,847.65625,3.9293518694694223,8.684157838339406,21.300844659022577,0.4076907736454941,33.914354366831404,3531.25,0.0232386384972269,0.0773530434782608,0.0725692633682667
183,851.5625,2.271502630200296,851.5625,47.99697470753159,54.93515687685718,31.55831355163317,1.7407507149257742,134.49044513602195,3562.5,0.0250978782516859,0.0656017699115044,0.0748764164651208
184,859.375,1.34419495376592,859.375,2.188399951081782,9.406400430582044,10.23156360833289,0.919351214600395,21.826363989996715,3656.25,0.0368978473795001,0.071528947368421,0.0783874527731346
185,847.65625,1.5190454430027098,847.65625,18.321304284848942,268.4403830314641,228.9144409278746,1.1726668791334276,515.6761282441877,3656.25,0.0359195210536813,0.0773530434782608,0.0742528410024965
186,859.375,2.42346954451766,859.375,33.16106056482141,22.348722840101885,36.83923820905376,0.6066554013217725,92.34902161397706,3609.375,0.0379037684962689,0.0887025641025641,0.0883061637546862
187,863.28125,2.0678469655336147,863.28125,12.827640797666051,27.487774278196,23.63003289718692,1.1632558616314213,63.94544797304897,3625.0,0.0401396642558913,0.0879508474576271,0.098716242262823
188,855.46875,1.459782062127129,855.46875,12.501306145747332,32.28468799218529,43.043594771740935,0.7500462766502229,87.82958890967356,3687.5,0.0328186419488994,0.0879508474576271,0.117791460872103
189,871.09375,1.6814030944555338,871.09375,87.5992347079299,1210.607131767043,1000.9846057333406,1.2094163335110724,2299.1909722083137,3750.0,0.0292503998450785,0.0887025641025641,0.1163413597912803
190,859.375,2.8100947499435533,859.375,28.68120287208105,34.25132398756756,63.7639656328501,0.5371579958621937,126.69649249249872,3812.5,0.0369295574415302,0.1130796610169491,0.1107763253094995
191,859.375,2.9359498758290905,859.375,104.7388429967754,107.41149591360102,10.681759554608126,10.055599488500333,222.8320984649845,3765.625,0.0351985601379795,0.1140461538461538,0.1048471417649417
192,871.09375,1.596395079442993,871.09375,6.608989835243518,27.871691823831625,23.66878080293069,1.1775719271683198,58.14946246200584,3718.75,0.0819516007770462,0.1130796610169491,0.1040063120321862
193,859.375,1.9610019378985564,859.375,29.451852053890853,60.449167938695,37.81727237496421,1.5984539376434128,127.71829236755003,3656.25,0.0750093080670252,0.1013743589743589,0.0993246540135314
194,863.28125,2.639316773591015,863.28125,16.86512635597124,23.68161964610125,24.57242260007598,0.9637478579758768,65.11916860214848,3593.75,0.0669522224574409,0.0894672413793103,0.0982076551226338
195,867.1875,1.5909233797736175,867.1875,13.55898938271071,15.751349641843388,42.83898730896961,0.3676872547952453,72.1493263335237,3531.25,0.0751416761174828,0.0894672413793103,0.0940279006595725
196,867.1875,1.5604270642565097,867.1875,57.53177568691439,68.22659595349529,81.24307538810805,0.8397835215809907,207.00144702851773,3546.875,0.0282696449159665,0.1040421052631579,0.0927805746804923
197,871.09375,2.6711137378277003,871.09375,38.6076227402165,24.956553531052982,31.828350183106192,0.7840982453529555,95.39252645437568,3531.25,0.039288306270943,0.0841650655021834,0.1243756041208149
198,863.28125,2.0742458550283125,863.28125,2.6835620062838084,12.740808549694096,33.12295643523777,0.384651912778529,48.54732699121567,3531.25,0.0438291532703167,0.104962831858407,0.1260007403560428
199,865.234375,2.3727839971877844,865.234375,46.89428866639804,85.77930009080976,27.04811097223208,3.1713601063997343,159.72169972943988,3578.125,0.0370563319658539,0.0926625,0.1209027440170332
200,863.28125,1.8237684633192608,863.28125,65.15705399830009,224.54777656510737,239.02425398439544,0.9394351109647928,528.7290845478028,3515.625,0.0235826864276836,0.0926625,0.1464640867367698
201,867.1875,2.0634125782831854,867.1875,66.65105215268588,94.88466506463278,39.90721119471201,2.377632067589972,201.44292841203068,3500.0,0.0857731769215334,0.0997264573991031,0.112894415476627
202,867.1875,1.2094357633358426,867.1875,12.62089159584506,23.08440424499596,24.32736222857244,0.9489069973185736,60.03265806941346,3500.0,0.0797696122493025,0.0926625,0.1132966593893602
203,882.8125,1.6889345843505894,882.8125,29.23324117571113,75.19298508735896,46.27454770988642,1.6249318212416413,150.7007739729565,3375.0,0.0722305108340861,0.086429596412556,0.1121384884416863
204,871.09375,2.01061520534832,871.09375,3.655246439091202,15.670426061775416,19.283826277563605,0.8126201634583113,38.60949877843022,3359.375,0.0800563265411158,0.0801405405405405,0.1009446837149598
205,867.1875,1.9076815911701936,867.1875,20.181327218365126,15.801394783646629,36.06034663916532,0.4381930917570453,72.04306864117707,3500.0,0.0350303486789797,0.0737945701357466,0.0914722017793074
206,875.0,1.5694078438912096,875.0,1.9305380529448104,16.597494472571668,13.049869985774968,1.271851328071758,31.577902511291448,3437.5,0.0409371141914405,0.067390909090909,0.0920293482427138
207,878.90625,1.5256157794655336,878.90625,17.294561679813647,19.30787938900337,15.800944992275586,1.2219445987845778,52.40338606109261,3437.5,0.0287612272026537,0.067390909090909,0.073242022580523
208,871.09375,1.7746182433393651,871.09375,36.796189988815705,47.93510879331758,50.24975501077349,0.95393716413225,134.98105379290678,3500.0,0.0270048698410901,0.067390909090909,0.0663834614200063
209,878.90625,1.5815434573527942,878.90625,9.083514937034412,38.521977151364126,11.557252424248508,3.33314318466735,59.162744512647045,3437.5,0.0300739564498154,0.0667837837837837,0.0686626517095683
210,873.046875,1.8469006627593376,873.046875,29.35645764160651,164.24920265951312,42.93892353577274,3.8251821222922806,236.5445838368924,3453.125,0.0267703651207374,0.0661875,0.0835031160733119
211,863.28125,1.80948443082274,863.28125,0.5067956148372237,13.044783273621093,10.74568805879502,1.2139551420296752,24.29726694725333,3515.625,0.0250773606625235,0.0661875,0.0975865192403969
212,867.1875,2.031055265857162,867.1875,18.437560827905845,29.269214557493267,46.44911141682306,0.6301350804074256,94.15588680222216,3515.625,0.0338969244111835,0.0656017699115044,0.0982841073045619
213,871.09375,1.564262947655528,871.09375,8.619559067940989,19.51880091671985,22.37138568979652,0.8724895805458437,50.50974567445736,3531.25,0.037305447958645,0.0718440528634361,0.0985758473775141
214,859.375,2.870453352705203,859.375,91.43453619859726,161.60924065239138,51.03297246574012,3.1667612691164373,304.07674931672875,3562.5,0.0321655389350379,0.0780315789473684,0.0991462861513164
215,878.90625,2.113551883294729,878.90625,43.40853713841887,50.537291719144015,17.245868961191217,2.930399844326155,111.1916978187541,3562.5,0.0439482825786443,0.0650263157894736,0.0771873185591536
216,878.90625,2.0137436278466057,878.90625,34.70083758881483,47.611433263157366,50.929088445154775,0.9348573618086612,133.24135929712696,3625.0,0.0345413041235063,0.071528947368421,0.0684675626242821
217,886.71875,2.077038308015581,886.71875,36.654145838225126,31.233469838016774,55.64663033275413,0.5612823211620859,123.53424600899602,3562.5,0.0719471036809925,0.0780315789473684,0.0658324208776163
218,884.765625,1.6146108981281375,884.765625,18.300485502798544,38.68418167206932,28.104490862739187,1.3764412905040966,85.08915803760705,3625.0,0.1032503922229784,0.0511241379310344,0.0723890144503563
219,882.8125,1.778841888848275,882.8125,244.02791666826488,914.479752945422,640.426146824132,1.4279238245976051,1798.933816437819,3640.625,0.102970616710729,0.0633589743589743,0.0752189832073227
220,878.90625,3.050975685732089,878.90625,708.5272611791848,1466.3630949671042,220.7468356409715,6.6427366476592935,2395.63719178726,3625.0,0.1017374906034788,0.0760307692307692,0.0722724491297691
221,882.8125,2.2778309823764165,882.8125,58.8527940374436,105.42399390317048,29.507874625902875,3.5727410137030406,193.7846625665169,3687.5,0.0790009408120614,0.0872117647058823,0.1945221791458816
222,882.8125,1.341654998570514,882.8125,11.103288318001036,30.54061328852595,8.517142357651988,3.585781710116374,50.16104396417897,3765.625,0.073716277127406,0.12355,0.2668593335746357
223,882.8125,2.97099384954892,882.8125,46.50801467619807,50.350610975784136,24.676222795933803,2.0404504932611083,121.534848447916,3859.375,0.0786493823111763,0.1446439024390244,0.2737041033062681
224,763.671875,2.15331137256857,763.671875,7.470967246507241,30.665736149037585,19.206533213038647,1.596630469897591,57.343236608583474,4984.375,0.0409900075008595,0.27219609375,0.2578995903858703
225,769.53125,3.5583891042634894,769.53125,32.08838150306757,273.6773600297293,20.36752672703457,13.436946159322687,326.1332682598314,4078.125,0.063231165538273,0.2235666666666666,0.2605215383055358
226,808.59375,1.451965207909769,808.59375,28.286624672060302,30.16214194425311,66.86813473483168,0.4510689891958601,125.3169013511451,3843.75,0.052857573925747,0.132590243902439,0.2381648388256672
227,832.03125,1.5573530024543192,832.03125,19.96420086347375,45.87865719331522,54.89153833787208,0.835805637490424,120.73439639466103,3843.75,0.0475197992374665,0.1297275,0.2013420752393775
228,835.9375,1.924758251702788,835.9375,178.83661060119474,504.0430442739415,257.9202768233717,1.954259085334028,940.799931698508,3703.125,0.0538576735241668,0.1370470588235294,0.1471575471155569
229,839.84375,1.7517589850298414,839.84375,70.05443191027528,624.4879360591798,415.3572677573303,1.503495868583267,1109.8996357267854,3687.5,0.0786145569378336,0.1297275,0.1703050525828907
230,851.5625,2.0208488061900014,851.5625,496.533319705744,2036.31760643712,1111.4852698573711,1.8320689096477407,3644.336196000235,3687.5,0.0875116228622849,0.09884,0.1858154475014329
231,824.21875,2.279812039665034,824.21875,31.80765665477204,58.059940203763006,70.92443321553904,0.8186169077632119,160.7920300740741,3687.5,0.0880438000145146,0.1093721311475409,0.3785140525102757
232,851.5625,1.18959339073154,851.5625,62.65291174751628,834.221457409637,1906.2156329913016,0.4376322609948103,2803.090002148455,3750.0,0.086211924139383,0.1369469879518072,0.3755879198607282
233,785.15625,1.3253001211860576,785.15625,1.0670211113990116,28.07103770496178,51.26523591827656,0.5475647815160873,80.40329473463734,4171.875,0.0350974007585789,0.177912,0.3938623211784853
234,789.0625,1.2614061883744765,789.0625,4.2581927623950175,13.728477898684863,30.95372592662962,0.4435161676893377,48.9403965877095,4875.0,0.0382369508251612,0.196489156626506,0.3586393837193691
235,781.25,1.5611012257496426,781.25,0.2557204003242608,3.046666775622862,5.052773435924175,0.6029692037964123,8.355160611871298,4968.75,0.0268395514475605,0.2226830039525691,0.3386752925106148
236,757.8125,5.893715505271021,757.8125,156.78191899209264,212.0948185634952,49.50263047999658,4.284516125849113,418.3793680355844,3593.75,0.0395108087340154,0.1897728,0.2646788678776413
237,816.40625,1.8015579680565543,816.40625,16.53962489462918,19.502972479201187,78.91700148190213,0.2471327104803109,114.95959885573252,3500.0,0.0608814952753942,0.1784041493775933,0.228812128648891
238,832.03125,1.160355044154823,832.03125,6.887577751610936,10.621760400701238,59.73214956826669,0.1778231735752592,77.24148772057887,3593.75,0.0647034056503674,0.1806529411764705,0.2556421593795385
239,839.84375,1.4219041124126433,839.84375,5.953215703266602,19.547042688215427,52.95561935592016,0.3691212174639625,78.45587774740218,3671.875,0.0604549206748197,0.1533724137931034,0.2540488757771986
240,839.84375,1.492994516725788,839.84375,165.480713933075,904.2954058841232,928.7326517801426,0.9736875344598044,1998.508771597341,4000.0,0.0444499363236926,0.1533724137931034,0.2739525574337716
241,843.75,1.2415046631890057,843.75,3.623556045861551,24.241664946352262,16.611372184696293,1.4593415087457735,44.476593176910114,3734.375,0.024879353084404,0.1463510729613733,0.2613026443745387
242,851.5625,2.1800208385128124,851.5625,13.968582218659977,31.74719096560984,24.039035427231333,1.3206516152327283,69.75480861150115,3718.75,0.0282196145989064,0.1313696202531645,0.2540737105210316
243,871.09375,2.316146661749101,871.09375,21.80200005745981,11.780558655495645,53.1578632296123,0.2216146011100973,86.74042194256776,3593.75,0.0407040816681969,0.1140461538461538,0.2235288008927087
244,855.46875,1.7475385966225951,855.46875,146.02627604056295,166.9036726767429,139.79936046193654,1.1938800873283402,452.7293091792424,3562.5,0.0362383265807529,0.0902452173913043,0.1268026883191899
245,859.375,1.2120229865260856,859.375,3.2497958034261227,18.627420257994498,60.52262319957118,0.3077761549854051,82.3998392609918,3562.5,0.0314291144985629,0.079425,0.1021608541273399
246,859.375,1.6364013016639996,859.375,116.4905606537472,756.9841918095469,652.1974066700151,1.1606672827396716,1525.6721591333094,3531.25,0.0449956701229081,0.079425,0.0991397189264045
247,863.28125,1.6294384546129792,863.28125,191.842157250769,1727.222523898062,1421.3792486374514,1.215173589704363,3340.4439297862823,3468.75,0.0006666501986679,0.0787221238938053,0.132267679273899
248,867.1875,1.4083998912259157,867.1875,7.740163320139669,52.72439595194932,24.81592636256797,2.1246192941432214,85.28048563465697,3468.75,0.0924033673037986,0.0780315789473684,0.1247358902972426
249,855.46875,1.2187222453726472,855.46875,1.646487142317932,5.497261100649812,32.78014618002624,0.1677009330726972,39.92389442299398,3500.0,0.0899022424948704,0.0780315789473684,0.127495275266763
250,863.28125,1.8037150833407145,863.28125,371.50454499682456,2281.583203741704,1576.86860321147,1.4469076238153282,4229.956351949999,3578.125,0.0844016121068252,0.0650263157894736,0.2806875441730777
251,876.953125,1.6605467488932926,876.953125,10.700841746004617,2770.4177532529084,1175.140755885281,2.357519930594051,3956.2593508841937,3656.25,0.0859180317472402,0.0780315789473684,0.2841185999094462
252,875.0,2.546168659311114,875.0,27.05720433557763,9.85902893080502,53.43640584107019,0.1845002255602221,90.35263910745284,3687.5,0.0757554271913775,0.0780315789473684,0.2662249318896839
253,871.09375,1.3533796279292034,871.09375,5.977063866076916,15.107295835675604,63.81447886664337,0.2367377451635412,84.89883856839589,3656.25,0.0672031356193388,0.0656017699115044,0.3046705670188425
254,871.09375,1.3867319884163252,871.09375,12.644606190753064,18.07811865020958,60.82310008382922,0.2972245516143287,91.54582492479186,3531.25,0.0755880834550911,0.0656017699115044,0.2486145343687922
255,867.1875,1.4557120754600332,867.1875,9.73778758997038,13.892616368830677,48.63501668035584,0.2856504904714474,72.2654206391569,3468.75,0.0749697718448585,0.0667837837837837,0.2073384678759372
256,871.09375,1.120566840189129,871.09375,1.1180004371512553,12.889679200724409,73.4067532278973,0.1755925529182218,87.41443286577297,3437.5,0.0835954233046634,0.0539127272727272,0.184887184119051
257,871.09375,1.4144352600475814,871.09375,242.54383334798337,101.93147870425696,66.03300045130233,1.5436445111929882,410.5083125035426,3406.25,0.0925332546051778,0.0539127272727272,0.1864743353583356
258,878.90625,1.0610635949268867,878.90625,0.7001321487664632,18.504367340783723,63.16969255288866,0.2929310970651153,82.37419204243885,3390.625,0.0911176269737862,0.0539127272727272,0.0456966535711364
259,871.09375,1.199739867763058,871.09375,5.013346111281617,15.40051057185276,30.93889870012597,0.4977717765949457,51.352755383260345,3375.0,0.0467276249701334,0.067390909090909,0.0715361052830015
260,878.90625,1.290543743305676,878.90625,11.463048336565617,17.62676933197374,43.340899538652266,0.4067005881189393,72.43071720719162,3437.5,0.0371568895515277,0.0808690909090909,0.2417601510850981
261,873.046875,2.843629130494883,873.046875,1023.0840048799624,5041.0632458576565,3759.352874946346,1.3409390960484395,9823.500125683966,3437.5,0.0478368413404734,0.0934972972972972,0.2635890704460868
262,804.6875,4.232313381377947,804.6875,231.25314586585145,358.7898033531818,33.33302696602427,10.76379303082464,623.3759761850575,3671.875,0.0630878511932849,0.0926625,0.2549932900902462
263,832.03125,1.397775896182859,832.03125,5.378151776393771,16.431021541902048,39.55477900957913,0.4153991490616819,61.36395232787495,3875.0,0.063327205514517,0.1170473684210526,0.2642131586963801
264,841.796875,1.8773761165156857,841.796875,431.4752309350959,2595.654499028885,1253.2808332188845,2.0710876846032127,4280.410563182865,3765.625,0.0752004156844738,0.1150293103448275,0.2194924496514023
265,873.046875,1.626816233107406,873.046875,315.58784898275496,1431.7219013025235,1727.947169672752,0.828568098857832,3475.2569199580307,3671.875,0.0860013994154719,0.1245882352941176,0.2313211202426796
266,863.28125,1.0547966843428207,863.28125,6.436514114549292,9.23707015138924,64.65983809217705,0.1428563761360051,80.33342235811558,3625.0,0.0238999975536745,0.1059,0.2273494627227214
267,855.46875,1.695102278395979,855.46875,63.85214618262187,122.42696387869722,60.844755710058166,2.012120230412216,247.12386577137727,3625.0,0.0366417861130024,0.1013743589743589,0.2233479886339219
268,867.1875,1.0395983731088425,867.1875,0.0520776329590242,6.676426485020844,62.44720076569774,0.1069131426734536,69.17570488367761,3625.0,0.0350814793862505,0.0894672413793103,0.1731759058530029
269,863.28125,1.9681384362345973,863.28125,18.44541895425153,31.233035965261983,35.669718184272966,0.8756176823127482,85.34817310378648,3656.25,0.0323573009584035,0.0834363636363636,0.1782282472276928
270,871.09375,1.3582099361343023,871.09375,5.133575705997109,26.74941136286509,19.976925698131176,1.339015410432621,51.859912766993375,3625.0,0.0291216690192056,0.0894672413793103,0.1490640463287914
271,867.1875,1.196558810075733,867.1875,3.279963119323777,13.033721857422425,18.80975196183156,0.6929236432181689,35.12343693857776,3593.75,0.0191791726133171,0.1140461538461538,0.1493153497156118
272,843.75,2.426343966560285,843.75,81.11017911076398,67.48753089240822,51.595750721285285,1.308005600247366,200.1934607244575,3625.0,0.0994954658703914,0.1256440677966101,0.2261106073975973
273,855.46875,1.05732837741505,855.46875,0.6941777750057532,11.577089148526584,67.58520272276188,0.1712962110362592,79.85646964629422,3812.5,0.0974768227519344,0.1315209677419354,0.3171453303523154
274,738.28125,1.738217719571607,738.28125,64.60173722264106,150.68612511344372,55.09479387284623,2.735033830260144,270.38265620893105,3968.75,0.0955849063162976,0.1423296,0.3429034196854811
275,798.828125,1.636046691991591,798.828125,125.1643294921036,848.397820176734,1102.466555489823,0.7695451766333112,2076.02870515866,4125.0,0.0934876761418801,0.1423296,0.3337481530669305
276,816.40625,1.973020533695792,816.40625,21.260615293837887,121.4253081577666,30.36499834444125,3.998857723632817,173.05092179604574,4125.0,0.0334183409245381,0.1423296,0.3231863236524904
277,839.84375,1.6803729534108345,839.84375,145.14346985963047,398.7654582270615,225.05964484288177,1.7718212365679635,768.9685729295737,3984.375,0.0432360915523454,0.2037160305343511,0.29110878933592
278,835.9375,1.628558411097478,835.9375,11.73560508508077,11.772099306910054,47.21240070768904,0.2493433744196965,70.72010509967987,3843.75,0.0464972617110768,0.2134045454545454,0.2849321017898825
279,835.9375,1.637698250023221,835.9375,28.307542133406205,94.99262207545156,61.20422088164575,1.552059983888112,184.5043850905035,3906.25,0.0463987986093141,0.1615284046692607,0.3239394254075823
280,839.84375,1.1076074477779598,839.84375,0.8883640927895794,3.1596728887199177,46.05073867140728,0.0686128600730078,50.09877565291677,4000.0,0.0487397221754294,0.14826,0.3192861351516662
281,832.03125,1.4021229058313962,832.03125,526.6739942416252,2360.2882058723576,4422.498294320373,0.5337001958606916,7309.4604944343555,4015.625,0.0827699273356655,0.1488554216867469,0.3067579576704199
282,822.265625,2.1918496959112863,822.265625,619.7464780763065,2897.893078390761,1686.0203789240202,1.7187770175352983,5203.659935391088,4031.25,0.1047354263558276,0.12355,0.3160921685976093
283,835.9375,1.2769863684300586,835.9375,4.599735458906416,15.532119607416709,26.05202173324483,0.5961963246635965,46.18387679956796,4015.625,0.104862342754605,0.1245882352941176,0.2990318038382046
284,843.75,1.676397373642976,843.75,39.67850827480137,288.96119432047544,197.51451007512603,1.4629871709707152,526.1542126704029,3718.75,0.1054025663464076,0.1251139240506329,0.3074366634817421
285,843.75,1.9064069832751145,843.75,11.036006100594808,24.17026258889532,27.72467335917446,0.8717961173344919,62.93094204866459,3656.25,0.0460085360418776,0.1077102564102564,0.30701592863771
286,847.65625,1.2942600315377075,847.65625,7.680141455418715,17.717912214561306,85.27154321992171,0.2077822394848124,110.66959688990173,3562.5,0.0427475931129669,0.0780315789473684,0.3144743844574457
287,847.65625,1.3311709626087376,847.65625,14.58760340028781,17.77548128161795,70.23911697100702,0.2530709674063133,102.60220165291278,3531.25,0.0449598246891563,0.0780315789473684,0.2042138730282929
288,847.65625,1.196518680164996,847.65625,8.361669032792229,17.82483669217474,72.47859060674895,0.2459324407794838,98.66509633171592,3468.75,0.0459765778588422,0.0783753303964757,0.0844697313911962
289,855.46875,1.5321369781308534,855.46875,18.090398740174216,17.251398937246513,27.677152500469248,0.623308302288468,63.01895017788998,3500.0,0.048287047525874,0.0910368421052631,0.1371103406020054
290,859.375,1.078009658817234,859.375,6.697706819644439,18.95291065614364,58.86167186412136,0.3219906954035437,84.51228933990944,3468.75,0.0267456614514129,0.0910368421052631,0.1624232243917905
291,852.5390625,1.2638017547277207,852.5390625,6.152247623941021,24.126211221197764,34.07118729089669,0.7081118428662427,64.34964613603547,3562.5,0.026630188094851,0.1393897435897435,0.2307170557581369
292,820.3125,1.1859579727995784,820.3125,0.5980922486403673,3.5597120521061285,147.39273835047456,0.0241512037291942,151.55054265122106,5156.25,0.0615571240780468,0.2578434782608695,0.2292712599733815
293,818.359375,1.5227532370388568,818.359375,6.692389464704913,429.2231139218435,544.9824139246859,0.7875907606463796,980.8979173112344,4515.625,0.0672758195723228,0.2470999999999999,0.2447240628340367
294,820.3125,1.5855568834463931,820.3125,140.05510817354704,602.7440320161454,568.1299976670546,1.0609262571792168,1310.929137856747,4312.5,0.0724912505428911,0.2006526315789473,0.2697119542519274
295,812.5,1.5934551257656493,812.5,101.63881871776854,431.57227820915466,402.71609473519953,1.0716539116543855,935.9271916621228,4125.0,0.0257389775463313,0.1265634146341463,0.2564731176096083
296,808.59375,1.8836118527056824,808.59375,20.804930022649057,8.073613368777073,63.13426096465054,0.1278800645706071,92.01280435607666,3781.25,0.0245295398606212,0.1000911392405063,0.223928324946577
297,847.65625,1.2934908145170716,847.65625,9.52361107819849,13.89689568012463,63.39573080220536,0.2192086991391097,86.81623756052849,3671.875,0.0295617885607277,0.0753864406779661,0.2166634384564507
298,849.609375,0.985735185421014,849.609375,0.7780978358500862,8.975332660980978,72.05418412810204,0.1245636567756304,81.80761462493311,3593.75,0.0212761077016362,0.0570230769230769,0.0540061571247393
299,847.65625,1.4411696694571756,847.65625,3.95052724067723,4.727631889527096,31.89825245828174,0.1482097458382759,40.57641158848607,3609.375,0.0227012995007275,0.0511241379310344,0.0718989585809622
300,839.84375,1.823283235914132,839.84375,122.73179872250093,38.32936428820877,116.94704922286172,0.3277497341139912,278.0082122335714,3640.625,0.0538571111014522,0.0582681222707423,0.122459827710345
301,820.3125,1.283045574373081,820.3125,58.231427969211786,334.2148814112991,779.286674071582,0.428872830155183,1171.7329834520929,3578.125,0.0499943749015996,0.0515686956521739,0.1280481280187114
302,832.03125,1.96164101564881,832.03125,254.725975991195,162.78229668530597,115.76510190483194,1.4061430777223851,533.2733745813329,3500.0,0.0515413859612881,0.0650263157894736,0.1323945600984863
303,843.75,1.1911868129231509,843.75,4.279397128231761,25.74131569883969,24.98737120768819,1.0301730215989875,55.00808403475965,3562.5,0.0562770464964763,0.0520210526315789,0.1230463675810764
304,859.375,1.0034818709045314,859.375,0.6938263451565507,5.422348242662158,54.97759154901944,0.0986283336516743,61.09376613683815,3562.5,0.0066710317528516,0.0656017699115044,0.1243604835729145
305,871.09375,1.7006445543203563,871.09375,6.974702872625511,12.246398272935448,27.48868062191988,0.4455069503470454,46.709781767480834,3515.625,0.092568861332685,0.0650263157894736,0.0669410251829904
306,875.0,2.730632932205271,875.0,20.70932594897153,21.303738499889505,42.64888030530871,0.4995146026667839,84.66194475416975,3546.875,0.0925994739705863,0.0650263157894736,0.0689576405010297
307,876.953125,1.5323916456099322,876.953125,103.3293266069844,651.3746928726506,301.67873546370765,2.1591667436268867,1056.382754943343,3593.75,0.0889068101854454,0.0653127753303964,0.0731801926455059
308,875.0,1.2662433984816437,875.0,10.392314661218226,9.317993364841785,51.30466595051556,0.1816207783874704,71.01497397657556,3562.5,0.0859262871740178,0.0780315789473684,0.0815002658593186
309,875.0,1.3749560931064746,875.0,93.55105253637971,52.2807600292232,32.88186890822245,1.5899570725479617,178.7136814738254,3546.875,0.0397938527834084,0.0776908296943231,0.0797413355438892
310,876.953125,2.053124198499474,876.953125,23.6136008416128,22.46394732479797,41.27539659312903,0.5442454628900517,87.3529447595398,3562.5,0.0369404120196725,0.0780315789473684,0.0861591909981385
311,882.8125,1.06976629064802,882.8125,4.017319870314619,19.99991677201961,132.19786336958825,0.1512877459759348,156.2151000119225,3625.0,0.0203790907997677,0.0780315789473684,0.1031172025920151
312,843.75,2.3154607869608257,843.75,32.525479251261935,21.47573561383846,74.55447152357974,0.2880542933906548,128.55568638868013,3562.5,0.0338386333416683,0.0773530434782608,0.1018445863067177
313,884.765625,4.4581931141811095,884.765625,86.51153265219662,61.29481062268784,24.14029596182733,2.5391076695833528,171.9466392367118,3640.625,0.0356833788534805,0.0766862068965517,0.1003326315118362
314,906.25,1.867286550988693,906.25,56.77584376499146,35.46195126655189,30.15677199603069,1.1759199980428767,122.39456702757406,3671.875,0.0326557908589641,0.0766862068965517,0.0995357206788005
315,888.671875,1.421495041755709,888.671875,30.05190205430344,24.29093760532648,50.78064681406414,0.478350299362451,105.12348647369404,3687.5,0.0401424550872618,0.0696948717948717,0.0793880768247815
316,890.625,1.2852737361939026,890.625,15.876242860926274,18.36382824910419,60.49098266588145,0.3035795988062513,94.7310537759119,3656.25,0.0359956872264887,0.0753864406779661,0.0687296909090467
317,892.578125,2.436428281087559,892.578125,23.7673165969896,16.064199802561077,57.819845733288055,0.2778319381317994,97.65136213283871,3687.5,0.0343341282682862,0.0760307692307692,0.1210708995597282
318,886.71875,1.8470319267539288,886.71875,4.261105025925819,13.52370877508475,53.27223183491818,0.2538603754577522,71.05704563592874,3718.75,0.0436365729561712,0.0639051724137931,0.1192224091891888
319,888.671875,1.0669162486435992,888.671875,2.340171908318073,12.318246470443224,25.85996142848786,0.4763443481734351,40.51837980724916,3656.25,0.0312195799122294,0.0636309012875536,0.130486176669738
320,902.34375,0.7323636571501159,902.34375,3.484302728662075,6.674953034305538,45.35722294067138,0.1471640590306108,55.516478703639,3625.0,0.0317546469261903,0.0633589743589743,0.1467780995864128
321,886.71875,2.2495253635958568,886.71875,64.57811078684993,45.24055904050814,23.128334648834315,1.9560664322534047,132.94700447619238,3640.625,0.0391350426939297,0.0639051724137931,0.1452010237860874
322,892.578125,1.0481905958011155,892.578125,6.420814068966072,12.899713476234522,50.80089811226202,0.2539268783738464,70.12142565746261,3593.75,0.0481590880498119,0.0766862068965517,0.0946330015627728
323,894.53125,1.294910193482446,894.53125,13.480153454268082,21.92063654068778,21.02523167454634,1.0425871581346444,56.426021669502205,3593.75,0.0420622510496667,0.0633589743589743,0.0920647974946617
324,898.4375,1.037399401060328,898.4375,7.47570906270378,11.29216322010206,37.072839297658746,0.304593967822022,55.840711580464585,3656.25,0.0055206909434305,0.0511241379310344,0.0888649207547227
325,898.4375,1.5380301628148727,898.4375,5.964602061543475,4.515765882161647,41.89102158527275,0.1077979412120427,52.37138952897787,3703.125,0.0942274268744125,0.0511241379310344,0.0786016949354903
326,894.53125,2.0484582227219432,894.53125,140.1617802071778,167.0899686690957,92.0735313217394,1.8147448704364424,399.3252801980129,3671.875,0.0896043761545462,0.0633589743589743,0.0827675606910684
327,902.34375,0.9518146232515104,902.34375,1.6907756542239984,7.449217792327429,5.621324523127639,1.325171276214235,14.761317969679066,3671.875,0.0879558839268583,0.0506871794871794,0.0819964092314196
328,910.15625,1.3513927866663749,910.15625,22.481372771990383,18.082437729754467,57.09875546783715,0.3166870728021388,97.662565969582,3687.5,0.0940939666159488,0.0506871794871794,0.0673771458401741
329,906.25,1.1188929569570776,906.25,7.005933449224084,12.921361460593396,39.88275321059922,0.323983687694846,59.810048120416695,3656.25,0.0806649038696694,0.0511241379310344,0.0657288099950755
330,906.25,1.4810934242085128,906.25,201.0034166746944,1604.671837388095,908.2929679527376,1.7666897069620302,2713.968222015527,3593.75,0.078049721171888,0.0511241379310344,0.0594145295627825
331,898.4375,0.9476623298560471,898.4375,3.487127779336922,6.769270292990943,82.47516578519736,0.0820764678499851,92.73156385752524,3593.75,0.0664915529377657,0.0515686956521739,0.0585934079167907
332,906.25,1.2762719336456152,906.25,22.229032992122885,20.832019855688184,46.9301531831273,0.4438941371957395,89.99120603093837,3562.5,0.0668205165198183,0.0515686956521739,0.0505816536031569
333,894.53125,1.2534156901311784,894.53125,12.791243687911615,25.33089724006475,38.21443723472538,0.6628619724130496,76.33657816270176,3531.25,0.0253184513967091,0.0515686956521739,0.0601023685992932
334,910.15625,1.084871237425784,910.15625,2.42361241707313,2.6524305590186046,23.44991234117709,0.1131104679807712,28.525955317268824,3562.5,0.0496111625291294,0.0511241379310344,0.1363961053335838
335,894.53125,0.98039152654741,894.53125,3.887413293384303,8.552033792248663,33.76956531540157,0.2532467833794788,46.20901240103454,3593.75,0.0483651001361387,0.0515686956521739,0.1360659462801756
336,902.34375,2.7024331836376123,902.34375,52.39439091983719,59.05194151370958,59.49821009824625,0.992499462020794,170.94454253179302,3671.875,0.0624678929705866,0.0515686956521739,0.1306711461766884
337,914.0625,3.595361963966592,914.0625,31.994598386800988,28.673814282850856,54.07322752508543,0.5302774699281381,114.74164019473729,3625.0,0.0703727850573069,0.0515686956521739,0.1335805663397683
338,910.15625,0.8545092780773551,910.15625,0.5268657400540165,0.5420509290036373,30.766076853091576,0.0176184611249571,31.83499352214923,3625.0,0.0274927307958774,0.0515686956521739,0.1074120465713231
339,906.25,1.111283522064347,906.25,5.87170193715999,26.90823379935348,97.9373840242842,0.2747493622321116,130.71731976079766,3625.0,0.0216077928618356,0.0644608695652173,0.0760047870002324
340,902.34375,1.0746163419843648,902.34375,5.573481530191732,18.536435621103927,55.683542874380166,0.3328889410453171,79.79346002567583,3578.125,0.0339734952547102,0.0511241379310344,0.0701599837749379
341,906.25,1.1568204379822848,906.25,5.015405715235159,11.342343124066243,28.632007548610463,0.396142083464095,44.98975638791187,3562.5,0.0257665960047191,0.0383431034482758,0.0734495885845552
342,914.0625,1.623070396626805,914.0625,376.8724520084918,1274.0927589233602,1028.474066477619,1.2388185569782533,2679.439277409472,3593.75,0.0419783798470772,0.0383431034482758,0.072675239490336
343,896.484375,1.3162351192692603,896.484375,13.556373292489653,48.18674071116776,159.33183036425822,0.3024300957379646,221.07494436791563,3625.0,0.0448449912354435,0.0580147826086956,0.0515225383351554
344,880.859375,2.824756618260792,880.859375,150.93179819430543,801.9859024270972,120.28439745589944,6.667414223204917,1073.202098077302,3625.0,0.0521764626034087,0.0511241379310344,0.0551749856114042
345,898.4375,1.3691917558143192,898.4375,5.012540869437474,41.601426169073065,32.438273945534675,1.2824796485449177,79.05224098404521,3625.0,0.065436685050871,0.0760307692307692,0.1343240839483467
346,902.34375,1.6730710338992048,902.34375,268.98303404158884,1489.7431203665656,734.9134980824433,2.0270999570067016,2493.6396524905977,3625.0,0.0695533841274613,0.0753864406779661,0.1628782293115539
347,898.4375,3.4967717705829986,898.4375,185.16510062970505,254.1327753224917,198.50686141518355,1.2802216180878745,637.8047373673803,3687.5,0.0729312330530234,0.0879508474576271,0.1620690412707028
348,859.375,5.430003894877966,859.375,9.644617154884198,116.95479687081972,37.02019579884445,3.159216053483714,163.61960982454838,3843.75,0.0504439967800885,0.1256440677966101,0.3316310214213586
349,914.0625,1.7765078395418057,914.0625,560.0803090350332,3088.584607315118,1608.118881911612,1.920619577355897,5256.783798261763,4062.5,0.0480964102607643,0.1336770491803278,0.359452403922359
350,822.265625,2.252817784447916,822.265625,9.606464904239989,74.22501121699355,95.09963277015376,0.7804973484638782,178.93110889138728,3906.25,0.0358061879417254,0.1315209677419354,0.4088431980046378
351,882.8125,0.748261151884468,882.8125,0.2383010049850476,1.9791491470864384,23.873879736156628,0.0829001892008799,26.09132988822812,3906.25,0.0570727716302045,0.1205365853658536,0.327170107235137
352,914.0625,0.8420759174440939,914.0625,38.90818194339507,82.36621083116188,291.2326297523454,0.2828193080603756,412.5070225269024,3828.125,0.0312095901101214,0.1215245901639344,0.320233623526961
353,925.78125,3.102356166970404,925.78125,44.43576137552699,30.06867080063941,14.823419753833232,2.028457083451601,89.32785192999964,3812.5,0.0223195284585802,0.1093721311475409,0.1851844351946161
354,937.5,1.380516494597295,937.5,13.867916794259116,21.776712711274666,36.89132734905343,0.5902935534205825,72.5359568545872,3812.5,0.0193391149593252,0.0612644628099173,0.2000844296549048
355,929.6875,1.2729714030725894,929.6875,24.80380823678127,57.2409545782465,51.379952612531056,1.1140717666657791,133.42471542755882,3781.25,0.0123860053353576,0.0612644628099173,0.1988795543655791
356,906.25,3.0460269545033825,906.25,35.318749392052055,98.7885780298328,15.380597060182614,6.4229351853691865,149.48792448206748,3750.0,0.0083749779696349,0.0612644628099173,0.2050949300384223
357,941.40625,2.2587571215964406,941.40625,42.432983935388805,28.119548487964384,41.398630966572725,0.6792386084136328,111.95116338992592,3765.625,0.0884239468100863,0.0620334728033472,0.2082790790692949
358,937.5,1.0667914777349516,937.5,2.678632971498803,9.034616325044349,53.99218433820487,0.1673319284223041,65.70543363474802,3750.0,0.0872509516039504,0.0612644628099173,0.2071192475011985
359,933.59375,1.707721814409173,933.59375,32.53159873385033,59.91162468511199,15.70573053162184,3.814634700658223,108.14895395058416,3687.5,0.0764026850055896,0.061775,0.1770309850745831
360,933.59375,1.109685716072707,933.59375,5.17153250569054,23.067695949095985,44.2852329930688,0.5208891178851056,72.52446144785533,3687.5,0.0746482413394416,0.0753864406779661,0.1960526735923673
361,945.3125,3.485965580133489,945.3125,1739.216247436987,6798.166182778279,3472.3004540786496,1.95782774926432,12009.682884293916,3765.625,0.0513932851328694,0.062822033898305,0.1969963128398404
362,949.21875,1.2575856786439776,949.21875,10.876053560864111,6.624569999019261,26.84361113941353,0.2467838609572405,44.344234699296905,3671.875,0.034523479549199,0.0760307692307692,0.2265675486022134
363,937.5,1.4789456337449565,937.5,29.12458854542145,33.72808113834518,35.722206448304235,0.9441768718053608,98.57487613207088,3687.5,0.0392867527623524,0.0693982978723404,0.2273735834650043
364,939.453125,2.214078120307722,939.453125,47.90171818817475,36.410622208790656,36.99980940636667,0.9840759396594452,121.31214980333206,3640.625,0.040143340307689,0.1013743589743589,0.2117254334389802
365,957.03125,0.9016126417451056,957.03125,2.289293483789122,3.9750014578319774,60.57628067759875,0.0656197675619583,66.84057561921985,3578.125,0.0318039018444272,0.1393897435897435,0.234264959534809
366,925.78125,1.1467766426108637,925.78125,1.8417295562035727,55.44170092817421,81.78829336916623,0.6778684166684844,139.07172385354403,3656.25,0.0412690180481647,0.1393897435897435,0.3324662001086903
367,855.46875,2.456640349066258,855.46875,24.284191164274688,117.77539029682742,13.33807641693763,8.830013160463523,155.39765787803975,3656.25,0.0319403378692199,0.1393897435897435,0.331342610637645
368,929.6875,1.828273772555464,929.6875,576.296564915131,2569.26393741461,1388.8761447235297,1.8498870091299968,4534.436647053271,3593.75,0.0324433011624722,0.1393897435897435,0.3372191766573238
369,933.59375,1.472521507458025,933.59375,37.27247011147513,30.08046284333328,54.98469039858904,0.5470697866129146,122.33762335339745,3796.875,0.0388207467603682,0.1393897435897435,0.3117935219764587
370,937.5,1.12512460792595,937.5,3.2562023417071417,8.195818659479482,36.29617877217607,0.2258038982814971,47.74819977336269,3718.75,0.0382208026180613,0.1674903765690376,0.1831220120396748
371,919.921875,1.2194452148925556,919.921875,26.66416678158136,39.82332959226921,56.97473524412686,0.698964715178283,123.46223161797744,3671.875,0.0329747785843595,0.1315209677419354,0.2034898624391301
372,933.59375,1.1897523351416517,933.59375,11.320845130400857,25.75131112874123,39.52792751131281,0.6514713204068505,76.60008377045489,3812.5,0.0408265829264139,0.1093721311475409,0.317496968131049
373,921.875,2.1458144780039343,921.875,28.606013993381417,44.43326369277648,72.02338282977325,0.6169283078218386,145.06266051593116,3937.5,0.0351747346283586,0.111195,0.3020959553261814
374,888.671875,4.068079473397025,888.671875,203.2968095832013,411.58294241022975,71.93668622467764,5.721460968117789,686.8164382181086,3875.0,0.0596216604784849,0.1084829268292682,0.302620385711643
375,935.546875,1.909351603984318,935.546875,33.26482610179641,16.13098835736372,43.42787529805703,0.3714431858950608,92.82368975721717,3937.5,0.0639028607407896,0.1093721311475409,0.296189799863134
376,921.875,2.0628360702084225,921.875,38.5606562711635,31.470726010414616,20.748129448236902,1.516798229398404,90.77951172981504,3906.25,0.0608532082132889,0.1093721311475409,0.2283225601363107
377,947.265625,1.1950307074190818,947.265625,4.884693142952164,7.79011712602844,51.77321957338556,0.1504661520032841,64.44802984236617,3781.25,0.0332916315073018,0.1102760330578512,0.1392807857795906
378,945.3125,1.412952976586394,945.3125,16.433317961178915,33.929184154059385,32.29390314775571,1.0506374531075326,82.65640526299401,3750.0,0.03553599370054,0.0980231404958677,0.133841781626531
379,929.6875,1.017135023521587,929.6875,17.917758535083163,42.17226524414318,61.27997052473877,0.6881900380013761,121.36999430396511,3750.0,0.0363859181401034,0.09884,0.1355695986798704
380,929.6875,1.088022625046607,929.6875,3.2647982191116616,2.3259267644666006,79.597402911715,0.0292211388736688,85.18812789529326,3781.25,0.0515226384924397,0.09884,0.1227998457124481
381,925.78125,1.0291433055494368,925.78125,1.3697161258060115,713.5379091412773,2387.506106123285,0.2988632813592611,3102.4137313903684,3718.75,0.0525042695958197,0.1045817427385892,0.1297720301242715
382,931.640625,1.4021335464629947,931.640625,2.330382731546643,10.281821937055344,11.914430301443264,0.8629721838911465,24.52663497004525,3750.0,0.0365789930385633,0.085067213114754,0.0989743565196595
383,929.6875,1.320257492143471,929.6875,45.66534667671133,110.4002977528904,151.4347976194359,0.7290285950679084,307.5004420490376,3781.25,0.0547630086766253,0.1102760330578512,0.157285920179589
384,941.40625,1.1602158630154062,941.40625,17.626565412097897,26.34449208765945,32.063627094959806,0.8216316890674117,76.03468459471716,3890.625,0.0396935091472003,0.1098222222222222,0.1573622285845475
385,929.6875,2.6462573749123104,929.6875,178.88802443628876,892.948378900654,268.35788932574604,3.327453428495069,1340.194292662689,3906.25,0.0457963766913087,0.1164024793388429,0.2879091177155504
386,929.6875,2.1242837444390763,929.6875,50.00072591379787,87.12528759828506,20.907096568447905,4.167259060245161,158.03311008053083,3906.25,0.051441018328866,0.1315209677419354,0.285545903280304
387,925.78125,1.6958126369147306,925.78125,34.123153322884306,58.71040333081385,60.80747797454657,0.965512882402218,153.6410346282447,3875.0,0.0257802698883768,0.1409082644628099,0.3285763968679816
388,949.21875,1.4205309730500013,949.21875,23.381169929668623,9.538013146601834,39.42615220092797,0.2419209741288762,72.34533527719843,3875.0,0.0296099644983296,0.1230373443983402,0.3195934603573054
389,919.921875,2.4752264749937662,919.921875,193.57151488389928,386.6070965042036,85.67356121010415,4.512560129910976,665.852172598207,3687.5,0.0274427043586354,0.1188582278481012,0.3328575407681585
390,931.640625,1.643801914576234,931.640625,16.63593253253287,34.578083677080976,16.42610173154619,2.105069373256958,67.64011794116004,3593.75,0.0279577683383615,0.1245882352941176,0.2319240881168633
391,949.21875,1.7164581114247626,949.21875,51.96750759488344,31.46039987181189,49.45638008407085,0.6361241930430896,132.88428755076615,3468.75,0.0433879433733571,0.1370470588235294,0.1658056841449547
392,941.40625,2.2158358761099746,941.40625,35.20186149816583,87.33729972049915,23.93150962509624,3.649468883856421,146.4706708437612,3625.0,0.0540604891609904,0.160615,0.1824140567417838
393,947.265625,1.7159515355268693,947.265625,33.9667029595565,75.83795644731617,47.312523657671285,1.6029150547123638,157.11718306454395,3750.0,0.0614185784096725,0.1592876033057851,0.2084068514893041
394,945.3125,1.5747029455697796,945.3125,11.62442966194962,25.970967594337296,50.52713822149087,0.5140003670995754,88.12253547777779,3812.5,0.0638200722219992,0.1640581967213114,0.2707273186243193
395,921.875,1.5353036686601176,921.875,27.819569368773923,970.9678526029506,715.6343344961515,1.3567932752787342,1714.421756467876,4000.0,0.0415182472188351,0.126051012145749,0.2572689162682129
396,937.5,0.9281620034462464,937.5,1.2317773344635343,6.08514716702518,54.75457742044438,0.1111349489614195,62.07150192193309,3875.0,0.0502997846821421,0.0968228571428571,0.2514808043761674
397,949.21875,1.4404576086337089,949.21875,20.85332255221041,17.33578854971978,29.370942464053968,0.5902360324642774,67.56005356598416,3750.0,0.0519118388257269,0.085067213114754,0.1898965170943707
398,945.3125,1.1781728295187497,945.3125,0.372011401391305,13.386605023184924,54.49526056505287,0.2456471422355137,68.25387698962909,3718.75,0.054273474410956,0.0996705882352941,0.1963898299317419
399,937.5,1.111031619309324,937.5,4.91377216644887,22.57642828938671,22.667513064989272,0.9959817040651342,50.15771352082485,3750.0,0.0586319375441415,0.0872117647058823,0.2001742332905717
400,939.453125,1.3395456047031704,939.453125,24.44801580265059,65.71003337075197,37.7680716693913,1.7398302446032985,127.92612084279386,3656.25,0.020404585000322,0.0747529411764705,0.1011917425738785
401,949.21875,1.345650021596949,949.21875,18.368211788769965,57.68872481135814,57.53595814861762,1.0026551511030009,133.59289474874572,3718.75,0.0216583737595242,0.0864849999999999,0.1173296124897688
402,933.59375,1.2709871084301032,933.59375,37.33404819681146,29.664997316510195,66.16278102234469,0.4483638211412493,133.16182653566634,3718.75,0.031886275597644,0.0747529411764705,0.1097053283828239
403,957.03125,1.3912387968622266,957.03125,9.21702139661016,16.600650220835664,70.08679608724867,0.2368584547675724,95.9044677046945,3750.0,0.0322978665450778,0.09884,0.1092986230310277
404,953.125,1.7467384174353071,953.125,51.39006926636208,61.31735339358781,71.10401784722667,0.8623613017949789,183.8114405071765,3796.875,0.0401716798522072,0.09884,0.1394603435383082
405,949.21875,1.2818126975787747,949.21875,11.366286241663264,24.377519656502983,55.20182894119255,0.4416071011428402,90.9456348393588,3875.0,0.0370858690461777,0.0911434426229508,0.1251727658776165
406,957.03125,1.5639863409513224,957.03125,3.1415960791584,57.66887323832881,77.98989937940765,0.7394402826163361,138.80036869689485,3875.0,0.0284040325985908,0.0972196721311475,0.1612484681142494
407,949.21875,1.3377184889794187,949.21875,35.29304841783419,60.58040129340049,91.49857070931591,0.662091230756597,187.3720204205506,3890.625,0.0318642363031676,0.0956516129032258,0.159233674119234
408,939.453125,2.8821246116555184,939.453125,232.72713055254576,204.03870842023784,73.24485249689188,2.785707137971179,510.0106914696755,3843.75,0.0390926807751183,0.0900364372469635,0.2024747040468836
409,933.59375,2.0457061742421594,933.59375,4.149820774621685,21.90234240625995,106.70039160904888,0.2052695597079935,132.7525547899305,3843.75,0.0432763441674452,0.1020412955465586,0.2047063940578836
410,941.40625,1.5964445309282256,941.40625,16.363267300621615,58.98702310799659,70.54894370929696,0.8361149013237921,145.89923411791517,3843.75,0.0516529151587943,0.1145097560975609,0.2737248781391821
411,917.96875,2.945231433493331,917.96875,162.6376527350022,137.56385870788344,100.99712874606226,1.3620571239580597,401.19864018894793,3843.75,0.0437578378414922,0.132590243902439,0.2619516602015765
412,937.5,2.3283234569705056,937.5,109.45001201066248,147.69498098035854,105.72995597300732,1.3969076182918758,362.8749489640284,3796.875,0.0563210648896445,0.1434774193548387,0.2408116307619037
413,917.96875,2.786608878995492,917.96875,190.2225773187301,436.6392042787634,76.81436668058645,5.684342957540997,703.67614827808,3875.0,0.0603096298472339,0.13899375,0.2438212469059633
414,937.5,1.7629972847301307,937.5,18.607391937784787,415.7150685936204,323.5581294512968,1.2848234389863953,757.880589982702,3937.5,0.0659128304727648,0.1505765624999999,0.246888099525034
415,878.90625,2.313176365575859,878.90625,111.45225945641975,72.81017422106193,72.62610209999833,1.0025345174219888,256.88853577748,4031.25,0.0525156095838347,0.1723953488372093,0.1723867459238512
416,933.59375,2.1210737872050904,933.59375,0.4102057487627881,12.739223122847548,38.14633264364811,0.3339566936054809,51.29576151525845,4250.0,0.0441521357597559,0.2021727272727272,0.1796924407789656
417,812.5,3.006984528753185,812.5,130.4892196544583,224.59590243122187,32.20786631807158,6.973324473381923,387.2929884037517,4843.75,0.0912029425192557,0.1986989690721649,0.2936860909238986
418,882.8125,2.752990871468415,882.8125,66.99532844051625,57.80801216349373,57.96631138917242,0.9972691168044848,182.7696519931824,4625.0,0.084968303357842,0.2030958904109589,0.2972014729849069
419,902.34375,1.4795064646902252,902.34375,7.533662032455325,32.62902573014881,38.746737592685406,0.8421102719189578,78.90942535528954,4859.375,0.0945824134984867,0.2104335483870967,0.2712178986172663
420,892.578125,1.67650630506733,892.578125,62.826800258334856,93.79564467834118,137.5453704082733,0.6819251305945766,294.1678153449493,4859.375,0.0891296025071284,0.2495465346534653,0.2178750804047441
421,906.25,2.006331509631464,906.25,20.416326169952065,21.301462054548427,47.75892316609691,0.4460205683546462,89.47671139059742,4718.75,0.0934511892176185,0.2205132911392405,0.2969009255994134
422,929.6875,2.610811385844765,929.6875,9.987486454640695,24.202594096609047,40.594904057884285,0.5961978395637679,74.78498460913403,4546.875,0.0968001177589419,0.2131533546325878,0.2865195084147466
423,871.09375,2.303389730303578,871.09375,16.729800016226974,62.03241434215688,108.18844612357388,0.5733737433598303,186.95066048195773,5000.0,0.0316875691135954,0.1925454545454545,0.2613839322213185
424,914.0625,1.536603069930201,914.0625,21.37271432227983,24.03829849792752,30.2836188226286,0.7937723241967888,75.69463164283594,4812.5,0.0230835184241494,0.1925454545454545,0.197179904133061
425,894.53125,3.240416514812336,894.53125,134.72315453046298,105.62830984085956,47.2207922678959,2.2369025331384225,287.57225663921844,4812.5,0.0147142942265373,0.1925454545454545,0.1701994487999731
426,875.0,3.634172237408955,875.0,198.7918293437133,292.9999540182631,62.402087583096574,4.695355001194394,554.193870945073,4734.375,0.0335765284870212,0.1492550335570469,0.2235487692068094
427,890.625,1.8142038841310528,890.625,6.266921332978743,7.391972565940943,54.08067272754557,0.1366841829646083,67.73956662646526,4718.75,0.0449489460080065,0.1492550335570469,0.2687776410419
428,894.53125,1.4253458623020332,894.53125,1.011494049621158,4.675519972861444,35.348246902427974,0.1322702080747403,41.035260924910574,4578.125,0.0517882597169757,0.1533724137931034,0.2680373457773656
429,863.28125,2.120486961772742,863.28125,33.96735227632876,54.63367980185681,16.824381072680673,3.247292103396936,105.42541315086623,4578.125,0.0238249491002719,0.1533724137931034,0.2534431348681612
430,878.90625,1.6319355433004503,878.90625,11.811453966513628,26.80059828744532,15.61209852731574,1.7166557231594204,54.22415078127469,4437.5,0.0213294202523594,0.1286979166666666,0.2759009100389918
431,878.90625,2.436731589669872,878.90625,41.50058765802997,39.80358265294439,54.92545681911818,0.7246836887315564,136.22962713009252,4250.0,0.0209926735490086,0.1124731034482758,0.1742761982083502
432,855.46875,1.1056595988415896,855.46875,1.2473371313237496,11.442064920135948,40.776307978395806,0.2806057116842998,53.4657100298555,4375.0,0.0486210651759159,0.1338458333333333,0.1917167065520117
433,863.28125,1.7458841358780166,863.28125,18.65698112974861,30.707393655729604,27.0522865822577,1.1351126849243536,76.41666136773591,4453.125,0.0453758454882005,0.12355,0.1871148077578234
434,878.90625,2.028707884923179,878.90625,5.655049044452356,12.911125071288788,45.59314977770329,0.2831812483725964,64.15932389344442,4453.125,0.0486573040594064,0.1140461538461538,0.2716252466578085
435,894.53125,1.5187590100244712,894.53125,38.09382742487781,312.91990351849023,328.97893556173534,0.951185227054662,679.9926665051034,4562.5,0.0602096110003068,0.1029583333333333,0.2879195322868101
436,910.15625,1.674554504917772,910.15625,16.50911079230045,26.71192591761964,26.785467700265244,0.9972544148391004,70.00650441018533,4531.25,0.0087319109015756,0.1084829268292682,0.2904336924571928
437,917.96875,1.932503603657576,917.96875,31.020466746793343,25.5567740673234,52.28981107339696,0.4887524652068535,108.8670518875137,4562.5,0.0835738344897097,0.0878195121951219,0.2924910472584321
438,910.15625,1.4100068282714973,910.15625,0.3855541944320779,16.45344091595004,27.13316022142408,0.6063960401840167,43.97215533180619,4531.25,0.0794795721308777,0.1217849999999999,0.2905224264840981
439,914.0625,1.5496073210116377,914.0625,2.44150275009229,23.169010007964715,61.90912866351543,0.3742422241781409,87.51964142157243,4343.75,0.073455946021589,0.1140461538461538,0.1528885107544219
440,933.59375,1.721547568881922,933.59375,45.48029855499176,47.69041603051176,51.45555182172359,0.9268274139930172,144.6262664072271,4250.0,0.0738813845001352,0.1123181818181818,0.1723731530517966
441,953.125,1.6563656689371846,953.125,11.92104560540342,15.021218684428035,25.20985339361725,0.5958471257207382,52.15211768344871,4000.0,0.0280830521423545,0.1034372093023255,0.0891720870727457
442,957.03125,1.231562636838612,957.03125,9.174714980542843,24.033413920945243,31.415271025261728,0.7650232876112841,64.62339992674981,3906.25,0.0902814730827494,0.1034372093023255,0.0770892073313972
443,949.21875,1.3518171104231702,949.21875,1.6905192884929023,3.640660631148201,30.235430239548304,0.120410412628631,35.56661015918941,3890.625,0.0869571524849046,0.0817181102362204,0.0774291658998691
444,957.03125,1.5457988033332493,957.03125,17.683470419465376,18.42233413720577,20.762990840368904,0.8872678449285705,56.868795397040046,3906.25,0.0807015525230692,0.0706,0.0875062551969785
445,960.9375,1.9321118690756989,960.9375,24.60817855636444,29.914292167093027,21.12522427121964,1.4160461343763031,75.6476949946771,3937.5,0.002596417985478,0.0820411067193675,0.0800057870763817
446,968.75,1.2999644876527856,968.75,6.957860573138828,9.000486143954587,56.11585276364581,0.1603911497498524,72.07419948073922,3968.75,0.0644840113334703,0.0817181102362204,0.1055601430162044
447,968.75,1.335084897567391,968.75,4.783987415374313,26.12634050669666,30.05596226654336,0.8692564980951905,60.96629018861433,4062.5,0.0560426293870441,0.0926625,0.152274476546917
448,968.75,1.3854287555200204,968.75,8.180207392572767,52.25732582119838,21.30186564140033,2.45318070731025,81.73939885517147,4093.75,0.0598407748670979,0.1034372093023255,0.1598554068849525
449,968.75,2.064636674119611,968.75,48.92567058043136,93.48179959196996,42.4326075977716,2.203065163425857,184.8400777701729,4015.625,0.0636256729408422,0.1018580152671755,0.1685801488352457
450,968.75,1.2632187308496652,968.75,2.3538083131101333,4.797107274148783,14.746740721546711,0.3252994925949738,21.89765630880563,4093.75,0.0869825050183232,0.1377881040892193,0.2571154218251109
451,964.84375,1.087648699844453,964.84375,3.548622229274636,4.075184746791928,19.45234786328634,0.2094957778584293,27.076154839352903,4328.125,0.0643542358963068,0.1303384615384615,0.2862932026805203
452,871.09375,2.437415375973583,871.09375,23.06778266565439,31.9989214407353,28.61599943356346,1.118217852744435,83.68270353995315,4343.75,0.0439651115600881,0.1427688888888889,0.3132409373620002
453,917.96875,1.4497982038100845,917.96875,80.7169045210061,275.7611966460837,241.7051745151352,1.1408990196393831,598.1832756822249,4375.0,0.0544267659741737,0.1244931297709923,0.2855609777463069
454,937.5,2.1108350346397,937.5,26.51396239527105,16.099773957278806,98.92025309810232,0.1627550825341313,141.53398945065217,4218.75,0.0486179056618977,0.1140461538461538,0.2487415225043162
455,972.65625,1.4335961483217463,972.65625,15.18412641559092,9.82638850403816,128.41483343457764,0.0765206654186435,153.42534835420673,4140.625,0.0610276800477326,0.09884,0.1941416625017372
456,964.84375,1.1481062314151511,964.84375,2.426180357276355,27.54816623346796,72.56475820054987,0.3796356098552975,102.53910479129418,4000.0,0.055470444364159,0.096567816091954,0.0810995572926138
457,960.9375,1.3470258217571565,960.9375,19.3378342497816,33.26504429135042,76.89536885026652,0.4326014009520564,129.49824739139854,4031.25,0.0477206682386817,0.1042453124999999,0.0758235501283623
458,976.5625,1.2083182411550994,976.5625,10.32635749752786,19.40958334614538,111.99544980028747,0.173306892206397,141.7313906439607,4000.0,0.0717421553232221,0.0926625,0.0715978345382846
459,976.5625,1.590281395446861,976.5625,25.864339155998906,29.298984481162154,89.48321051476753,0.3274243772950782,144.6465341519286,3968.75,0.0353175828702834,0.0810796875,0.0898959026063132
460,984.375,1.0535702651264842,984.375,0.2131499199532952,25.26144272986056,80.25608608586586,0.3147604619397136,105.73067873567972,3968.75,0.0405092628707855,0.0706,0.0891235749955726
461,976.5625,1.1336237417887192,976.5625,15.689468790272947,26.01162939404464,134.025302735305,0.194079989846519,175.72640091962256,3984.375,0.0434187884876571,0.0717387096774193,0.0824540084451147
462,980.46875,1.4705787789209903,980.46875,126.64338109689314,66.79514921598613,80.39376404906567,0.830849880038207,273.83229436194495,3875.0,0.0475032772142815,0.0717387096774193,0.0799897484581252
463,988.28125,1.6375962812718,988.28125,259.3009069861605,874.7331097406559,449.0898594516135,1.947790829231366,1583.1238761784298,3781.25,0.0371577749379834,0.0717387096774193,0.0843322147998386
464,988.28125,0.9685741321721818,988.28125,4.724351740068729,11.17882298630536,138.8239023724163,0.0805252034791275,154.7270770987904,3781.25,0.0323350083060352,0.0612644628099173,0.086370123932188
465,986.328125,1.7803119144957549,986.328125,77.27922300579044,129.50640061810498,69.92496001594276,1.8520768633772229,276.7105836398382,3781.25,0.0276080548422609,0.0612644628099173,0.0839213772026075
466,996.09375,1.2865392831475335,996.09375,28.32729461039936,77.05246454306996,134.57582292297954,0.5725580038783685,239.95558207644888,3734.375,0.0367464569945287,0.061775,0.0942927437999675
467,996.09375,1.0084221714796189,996.09375,0.7993844404921802,5.168997661456694,62.787192809818016,0.0823256691394621,68.75557491176689,3750.0,0.0521252352220485,0.0688126582278481,0.0867163905900238
468,994.140625,1.6600393424587525,994.140625,8.45243896544031,10.847454254944168,72.51827126389944,0.1495823613261472,91.81816448428393,3734.375,0.0303267536481513,0.050257627118644,0.0793498543571459
469,992.1875,1.0316040445508428,992.1875,6.53495593433632,4.291454583718282,65.60045052809342,0.0654180657171015,76.42686104614802,3687.5,0.0526592654279756,0.062822033898305,0.0777348573424834
470,988.28125,1.0043048304213975,988.28125,1.2973239831085572,4.462277008626341,65.66554832815305,0.0679546142876448,71.42514931988795,3687.5,0.0816337914592936,0.062822033898305,0.0692366599798169
471,992.1875,0.917059260614794,992.1875,1.6431125477251107,16.476309608009363,67.04462217389518,0.2457513977075503,85.16404432962965,3656.25,0.0840649734767798,0.062822033898305,0.0501592304890604
472,998.046875,1.043177826839023,998.046875,11.845381943978976,23.92334981076946,48.75702419088078,0.4906646828385383,84.52575594562921,3625.0,0.0770259407635004,0.062822033898305,0.053416501957522
473,984.375,1.040613611191837,984.375,2.0998858542801004,27.89463807691844,85.88788448035918,0.3247796618310861,115.88240841155772,3687.5,0.034834003913942,0.0622941176470588,0.0548829490315743
474,984.375,1.0998021978584611,984.375,16.545618603598196,18.030020660885224,88.22178576550613,0.2043715223449352,122.79742502998954,3718.75,0.0354120459887116,0.0753864406779661,0.0896570201161001
475,976.5625,1.2540521924202253,976.5625,7.264420503268472,11.067785754092077,84.4014690098098,0.1311326198932117,102.73367526717036,3812.5,0.0210252351549808,0.0872117647058823,0.1154397942897855
476,988.28125,1.6188748233935608,988.28125,380.2948321123304,2166.450313993932,1231.3323766967956,1.7594358395786749,3778.0775228030575,3812.5,0.0245664565723122,0.1093721311475409,0.2099905073725131
477,976.5625,2.158166831914489,976.5625,316.4214556702432,224.81144100412368,100.06819566473902,2.246582338281736,641.3010923391059,3875.0,0.0269134172451882,0.1084829268292682,0.2183703164868028
478,843.75,1.9401513672452704,843.75,5.216981725149794,17.5470952111962,104.90576863894827,0.1672653033179484,127.66984557529426,3906.25,0.022764669256286,0.0956516129032258,0.2169356015205838
479,890.625,1.519195980701645,890.625,246.65666528076696,910.039705792053,866.8883262035531,1.04977732227342,2023.5846972763727,3968.75,0.0350237507166006,0.0767880478087649,0.2146981674023848
480,945.3125,2.159462555662808,945.3125,36.44961590597427,33.611074934336976,68.19055749996073,0.4928992541871553,138.251248340272,3968.75,0.0340757187293362,0.0948864,0.1414977975183785
481,968.75,1.0623198104250249,968.75,2.08232584885167,16.701668805068877,101.01468377970424,0.165339019834902,119.7986784336248,3968.75,0.0283791980035028,0.0956516129032258,0.0763107002358367
482,972.65625,1.446173357351578,972.65625,27.94055968188689,23.5131029479178,61.46151545255829,0.3825662737858684,112.91517808236298,3906.25,0.0265890065805558,0.0900364372469635,0.0761607779875525
483,968.75,2.4127495638221745,968.75,70.84323853541288,66.47228853998278,53.38186342815185,1.2452223334138517,190.69739050354752,3875.0,0.0391310453475923,0.0836951612903225,0.07002456745726
484,964.84375,1.1091612562566682,964.84375,3.8620024315682566,17.23906360425608,64.00104430363692,0.269355973669268,85.10211033946126,3796.875,0.042596432589801,0.0729147540983606,0.0656907005350958
485,957.03125,1.4036169661520146,957.03125,6.007146982700054,22.67374652491348,55.91768084132445,0.4054843867587057,84.59857434893799,3781.25,0.0434496996949591,0.0612644628099173,0.0687359769101216
486,958.984375,1.013348804383916,958.984375,1.625287598496478,16.036617768057628,46.86169005670057,0.3422116818376381,64.52359542325468,3656.25,0.0320457007692784,0.0612644628099173,0.0948630339907964
487,964.84375,1.189614656403644,964.84375,10.747048381717118,26.056649644796813,119.86772572582883,0.2173783600799742,156.67142375234278,3656.25,0.030692779612624,0.0622941176470588,0.0901778786603232
488,972.65625,1.1445617088546791,972.65625,7.88889375736096,5.235814604263076,25.94095243371533,0.2018358661904068,39.06566079533937,3718.75,0.0189326818122135,0.0563012658227848,0.090717154027519
489,968.75,1.6274622939810306,968.75,83.87164884434357,86.8943020592511,106.04826154998888,0.8193845027651963,276.81421245358354,3656.25,0.0174030311484117,0.0622941176470588,0.0903776477231714
490,974.609375,1.1355344799533549,974.609375,2.2760066157298384,39.48426326721278,57.69059658590271,0.6844141957939324,99.45086646884532,3656.25,0.0298498385205896,0.0622941176470588,0.0740247908356763
491,968.75,1.0814928889588742,968.75,6.375946552962894,9.878922728500353,44.50013838850101,0.2219975731817746,60.75500766996426,3718.75,0.0436426095292669,0.0622941176470588,0.0986897560290638
492,960.9375,1.3759475231337173,960.9375,13.464821136578497,11.660831778221528,68.11845550221172,0.1711846179166953,93.24410841701174,3750.0,0.084284923150538,0.0636309012875536,0.1034793651584174
493,968.75,0.8610914129036832,968.75,0.1667969699345838,5.509598537933505,51.32480859957029,0.1073476684719606,57.001204107438376,3718.75,0.0803701736108904,0.0633589743589743,0.1068475956396392
494,972.65625,1.234714390097003,972.65625,8.605264468609022,12.467927110724414,33.082365121031664,0.376875325119911,54.155556700365096,3625.0,0.0677399224380945,0.0633589743589743,0.1058289108314535
495,968.75,0.9354731055759868,968.75,3.7506354592361264,17.615144770482765,64.354415429071,0.273720841888425,85.72019565878989,3656.25,0.0747259019151131,0.0702956896551724,0.0669801043984463
496,972.65625,1.1912229649361017,972.65625,11.476247260412029,10.064725216316072,33.107710397640176,0.3039994338307809,54.64868287436828,3593.75,0.0345112277219296,0.0639051724137931,0.0804593404834651
497,968.75,1.1679664747174263,968.75,1.2306523066923516,15.297289367567377,46.82131266345563,0.3267163711859582,63.34925433771536,3546.875,0.0398208403331957,0.0644608695652173,0.074912624041183
498,972.65625,1.3618754617390323,972.65625,2.050080331040036,57.23218319385843,56.5467490962058,1.0121215473675855,115.82901262110428,3625.0,0.0342742051950874,0.0644608695652173,0.0756552861377913
499,964.84375,1.0198969076969306,964.84375,0.2185276372052258,14.52966154127564,52.497769470360566,0.2767672167382057,67.24595864884144,3625.0,0.08010646425688,0.0644608695652173,0.081984312615307
500,972.65625,1.4297943212722266,972.65625,17.167492235401845,27.30936502225341,28.41416362491829,0.9611180319347492,72.89102088257354,3593.75,0.068175169664025,0.0696948717948717,0.0783982312542918
501,976.5625,1.2759769372716971,976.5625,5.777983225166531,25.98898242986266,26.90557994170465,0.9659328097060924,58.67254559673384,3625.0,0.0757011263881301,0.0625569620253164,0.0771184955120942
502,968.75,1.3779338034194355,968.75,20.21428026826249,42.45034509362274,64.59353523354797,0.6571918527161723,127.2581605954332,3750.0,0.0845766460786815,0.062822033898305,0.1177865555129809
503,929.6875,6.386844808971788,929.6875,563.0475041380487,477.5943062487194,60.42395058170659,7.904056283160531,1101.0657609684747,3750.0,0.0457867657462224,0.07413,0.1136125198031703
504,933.59375,2.481647355358557,933.59375,47.20768535569276,43.894686814298886,51.89796121609453,0.845788269630259,143.00033338608617,3812.5,0.0418741405800695,0.0857702479338842,0.1468497831075245
505,966.796875,1.4644419825832873,966.796875,263.58781242056205,1109.587096186625,1169.1526175931797,0.9490523987114906,2542.3275262003667,3812.5,0.0864069201802059,0.0964292682926829,0.1784406251122011
506,968.75,1.5739972042819137,968.75,1.4737879850436515,8.521986684500012,107.18903606015176,0.0795042757891552,117.1848107296954,3843.75,0.0798029007126674,0.0836951612903225,0.22730998799864
507,867.1875,1.2607371733173824,867.1875,13.371472547606526,98.97060775222154,67.14461689252946,1.4739916963206778,179.48669719235752,3921.875,0.0648684363798762,0.0948864,0.246892062612397
508,891.6015625,3.429904180361002,891.6015625,264.03007096033883,319.08662503287604,65.02095553553475,4.907442875989284,648.1376515287496,4000.0,0.0727890985388781,0.0996213438735177,0.2333686574673159
509,871.09375,1.4108353648828411,871.09375,4.282217174521523,32.401618011442885,67.77598074867964,0.478069334497592,104.45981593464404,4000.0,0.0229895124439263,0.0926625,0.2162167747786942
510,886.71875,1.4581174502266674,886.71875,4.22765961556644,4.319543237654302,132.1215873856348,0.0326936977001833,140.66879023885554,4031.25,0.0173886880917571,0.0804511627906976,0.2312523314362655
511,914.0625,0.9586845106486273,914.0625,0.2566164268670765,3.003228670599265,70.75119939401532,0.0424477421771213,74.01104449148166,4031.25,0.0655237850781453,0.0804511627906976,0.1877583365818819
512,882.8125,3.209969763463971,882.8125,257.3653033340506,407.5128399368912,24.602131287927104,16.564127520808253,689.4802745588689,4062.5,0.0659565926259597,0.0804511627906976,0.1699647501275967
513,910.15625,1.586340523378997,910.15625,150.54155725224064,136.3332081420869,192.63711535520628,0.7077203574747275,479.5118807495338,4171.875,0.0625124477519916,0.0804511627906976,0.1754439216318201
514,937.5,2.522806462327814,937.5,64.114624428961,19.707514769859262,29.390668714792422,0.6705364536309582,113.21280791361268,4062.5,0.0575395547663872,0.0861976744186046,0.1717336406913494
515,937.5,1.2568426559884216,937.5,18.97542489645296,31.40072532066296,85.14085993461278,0.368809116384053,135.5170101517287,4015.625,0.0296059917758426,0.109608560311284,0.0958402195504601
516,951.171875,1.051269761466478,951.171875,11.865025960667468,27.386453914879805,73.92825686606545,0.3704463634858234,113.17973674161271,3953.125,0.0317976481898722,0.0817181102362204,0.0935003704071827
517,949.21875,1.4016148719872192,949.21875,13.151179742073449,89.94677714148936,176.2158536570829,0.5104352149638381,279.3138105406457,3937.5,0.0329362634038466,0.0703209486166007,0.0979232246954254
518,935.546875,1.7853351101406627,935.546875,40.27649705843286,169.30427097750126,161.67675610353527,1.0471775600759916,371.2575241394694,3843.75,0.0949296832466459,0.0706,0.0801880084250464
519,943.359375,1.023453237022072,943.359375,6.855141325931866,11.028462287464672,46.141405889226846,0.2390144399574875,64.02500950262339,3937.5,0.0838536119302121,0.0706,0.0787401574803149
520,957.03125,1.159749380723999,957.03125,11.422745719262563,13.152897370376609,64.28683541433924,0.2045970576340244,88.86247850397841,3906.25,0.0879561907796332,0.0758811023622047,0.0716715584050178
521,951.171875,1.3831644307435524,951.171875,64.24801869474149,54.09785195561447,40.85264049102831,1.32421922562129,159.19851114138424,3906.25,0.0924573178346041,0.0758811023622047,0.0585607419296268
522,931.640625,1.7599533911942264,931.640625,421.3761598297122,2988.5164743987525,1492.8250462634455,2.001920105694258,4902.717680491911,3968.75,0.011222380183626,0.0583700787401574,0.062178262049328
523,939.453125,1.379574501957619,939.453125,12.802191660214174,33.242553894730335,91.9595303194014,0.361491123098058,138.00427587434592,4031.25,0.0719659805050855,0.0706,0.0668134971859646
524,957.03125,1.2589313538973532,957.03125,9.937973327517197,17.62836295016755,92.93076354201308,0.1896935124416355,120.49709981969782,4031.25,0.0620574981327765,0.0583700787401574,0.0725168553662904
525,960.9375,1.1338394617149377,960.9375,9.06950554969584,38.00415743274735,49.00773888569282,0.7754725742681056,96.081401868136,4031.25,0.0377373705089918,0.0700440944881889,0.0888049155646053
526,968.75,1.543673688451758,968.75,39.727380310181296,78.22968155950504,178.09309481791763,0.4392628565385258,296.050156687604,3937.5,0.042192304297352,0.0761810276679841,0.0866092761039358
527,953.125,1.259794081883145,953.125,33.89294151484768,52.25438253537671,56.78318310207956,0.9202439821212312,142.93050715230396,3859.375,0.0299015258264265,0.069496875,0.0913320736362188
528,941.40625,1.352462758189701,941.40625,1.5863601106142986,44.41944159584199,75.97265138970835,0.5846767327888636,121.97845309616464,3921.875,0.0302732263063679,0.0706,0.094474947268747
529,953.125,1.5903756755736138,953.125,114.75821850563128,239.7444262474028,220.40104716137543,1.087764460900516,574.9036919144095,3937.5,0.0415169622092526,0.0843756097560975,0.0790874695156078
530,953.125,1.446445402037446,953.125,15.012197320148518,32.105032507366225,46.229744122751086,0.6944670172112491,93.34697395026583,3937.5,0.0377529851846788,0.0706,0.087115972310457
531,949.21875,1.4437534287867997,949.21875,35.11663666174187,79.36731008388152,108.80444072125243,0.7294491801783505,223.28838746687583,3843.75,0.0342140822354277,0.0941333333333333,0.1137748348398351
532,957.03125,1.2644535641196362,957.03125,9.474414604405949,8.323345688330422,48.88149823703544,0.1702759937506206,66.67925852977181,3937.5,0.0283496586663763,0.0941333333333333,0.1117245608812596
533,960.9375,1.1933601721502984,960.9375,29.81549137272276,35.85191751263146,75.14390391406016,0.4771101266396037,140.8113127994144,4000.0,0.030511033707986,0.0992291338582677,0.2388637568238391
534,943.359375,2.847576810850533,943.359375,78.26570697719981,239.48931243907708,42.63516665013789,5.617177819529,360.3901860664148,3937.5,0.03983021337321,0.1050661417322834,0.2483414391322711
535,863.28125,5.889615268309561,863.28125,865.0744989471984,1011.6473841343744,135.52591789827255,7.464604555519259,2012.247800979845,4000.0,0.0438174887741405,0.1059,0.2356946509900279
536,953.125,1.4831228397657923,953.125,17.481613317328144,19.01690630712463,32.86833819301041,0.5785782717535946,69.36685781746317,3968.75,0.0328881219126691,0.095267469879518,0.236705115894671
537,960.9375,1.6502260485420897,960.9375,32.43160986921895,33.24796645192235,50.56609898755738,0.6575149579979179,116.24567530869868,3937.5,0.0298873273825582,0.0893132530120481,0.1607287025108358
538,953.125,1.3654901238956814,953.125,9.725175913175262,39.51240037451637,39.28217378533989,1.0058608413687735,88.51975007303153,3875.0,0.0244061496013789,0.0836951612903225,0.095002485240016
539,951.171875,2.0831337786974635,951.171875,144.92188400575608,424.42321343844594,72.71845766203367,5.836526613518062,642.0635551062356,3875.0,0.0265717575469306,0.085067213114754,0.0857479640007328
540,960.9375,1.9900838582801887,960.9375,493.0504533410184,1148.0916655346105,384.8779545461807,2.983001889230976,2026.0200734218088,3812.5,0.0503731577262144,0.0786685714285714,0.0889955705624653
541,962.890625,2.041111735001145,962.890625,601.816677902551,467.3990030659239,286.0945128330748,1.633722361318525,1355.3101938015495,3718.75,0.0323679506904255,0.0729147540983606,0.0806523675273932
542,957.03125,1.6214175049662891,957.03125,432.6567235993925,1673.2222292286806,1261.340684660373,1.3265426617704084,3367.219637488446,3812.5,0.070333542863638,0.0735173553719008,0.0878512108462047
543,945.3125,1.677417958872811,945.3125,47.47995497312928,41.19157663919769,45.89556845640794,0.8975066226344238,134.56710006873493,3781.25,0.0689923554173291,0.0735173553719008,0.0875945313187978
544,953.125,1.715240681788524,953.125,26.04191180835306,44.95467966714945,86.15571234510755,0.5217840865510789,157.15230382061006,3750.0,0.052149808655025,0.0671135802469135,0.0813579591862027
545,960.9375,3.2233378567790987,960.9375,47.763279527682585,17.36025445823391,42.55463986437668,0.4079520943794079,107.67817385029318,3781.25,0.0471691802228733,0.0607622950819672,0.0837995440331247
546,953.125,1.4907511183533928,953.125,3.5408204635776865,8.485980259667999,55.67294228782431,0.1524255753503418,67.69974301106998,3812.5,0.0451341758317936,0.0607622950819672,0.078347470698752
547,945.3125,1.7490792865148976,945.3125,44.58554070189012,147.12862029905244,161.9205627651483,0.9086469178868264,353.6347237660909,3781.25,0.0559080467633566,0.0668385245901639,0.0738117415318386
548,945.3125,1.3610121969191356,945.3125,0.3334561371139633,14.525609396963446,64.37842462950438,0.2256285313062229,79.23749016358178,3828.125,0.0609280491383463,0.0735173553719008,0.1335409182531854
549,951.171875,3.0606626019975227,951.171875,194.36545030912765,264.3866215437931,96.61776115540847,2.736418422266383,555.3698330083292,3812.5,0.0515765888147202,0.07413,0.1384033230141459
550,953.125,3.02691830529671,953.125,76.05746845683109,49.017094784008336,36.54992803755856,1.3410996249743246,161.62449127839798,3812.5,0.0485752498605919,0.061775,0.1374212915174286
551,955.078125,0.9063210816355466,955.078125,2.388347421368372,2.6390542317689936,101.41822201518652,0.0260214996805388,106.44562366832388,3718.75,0.0595018118593601,0.061775,0.1418216209214887
552,957.03125,1.6471617208846985,957.03125,59.7976320724904,151.58995519676498,59.22193477215053,2.5596927182468727,270.6095220414059,3687.5,0.0647064918744248,0.068236820083682,0.1390029567529658
553,933.59375,1.5026600912993535,933.59375,53.2974776051855,74.4932173252158,32.8714553379389,2.2661977256370136,160.66215026834018,3687.5,0.0074460596901753,0.0563012658227848,0.0609585546105692
554,939.453125,1.5068303062934916,939.453125,103.03182657969498,386.4278884300156,491.9644273987432,0.7854793292133926,981.4241424084536,3656.25,0.0548826058868935,0.062822033898305,0.0751369869697124
555,910.15625,5.031674790721315,910.15625,844.9656031003269,678.2144851211846,37.24059537578189,18.211698236227377,1560.4206835972934,3687.5,0.0587662997492379,0.062822033898305,0.078734551942984
556,949.21875,2.2739282845895734,949.21875,103.02383820771384,683.7656006967859,37.27810601435526,18.342283817570497,824.067544918855,3687.5,0.044346052930749,0.062822033898305,0.0836365061680165
557,939.453125,3.069008037139205,939.453125,146.0270474174106,257.98963134508324,41.63820112820579,6.195984080837743,445.6548798906996,3687.5,0.0322142240201624,0.062822033898305,0.0889449621921742
558,941.40625,2.321254607911372,941.40625,198.6264053774833,320.3277035435863,79.20250748377946,4.044413664670767,598.156616404849,3703.125,0.0446825649467926,0.0813240506329113,0.1407616259458794
559,937.5,4.369531390073804,937.5,759.0938331210731,1048.6092641563891,40.53801748255768,25.867305045383016,1848.24111476002,3718.75,0.0458229044401687,0.0926625,0.1725387316655698
560,933.59375,3.408867353695721,933.59375,165.91379598013367,337.62578860343115,19.514513121043784,17.301266319544865,523.0540977046086,3750.0,0.0460455182729855,0.1225289256198347,0.3847196819996911
561,880.859375,3.220955184302677,880.859375,712.7308634921052,3073.6398964380232,548.8915406141246,5.599721746484008,4335.262300544253,3781.25,0.0374514006005686,0.1769358024691358,0.4167130841887336
562,863.28125,1.6740201169676026,863.28125,3.4865228729924143,32.70628694773475,56.622999788023705,0.5776148750538723,92.81580960875088,4140.625,0.0265152558252577,0.2293833962264151,0.3357598799646793
563,912.109375,2.272233380269939,912.109375,33.72626673503819,115.88840305219792,124.21463635929732,0.9329689837595684,273.82930614653344,4156.25,0.0307706224584013,0.2387707865168539,0.3534333827512428
564,941.40625,1.4320292277816236,941.40625,7.883366322554525,38.71078620278469,55.23120451281701,0.7008861484054983,101.82535703815624,4218.75,0.0333037910121524,0.2597255474452555,0.2829583041463474
565,900.390625,1.8099312688559048,900.390625,23.28932106776452,51.9494131995465,131.22307988012972,0.3958862514658358,206.46181414744075,4281.25,0.0258929886923469,0.24085559566787,0.3213538498485163
566,890.625,1.6136099632197551,890.625,6.18246658723415,43.495841183505206,71.83404842748885,0.605504522377171,121.51235619822822,4562.5,0.0220719930458636,0.2086622222222222,0.3103257109549931
567,906.25,1.1084535938606688,906.25,4.664501771037599,35.57045615664737,84.36139130188094,0.4216437828693595,124.5963492295659,4562.5,0.0237482783042995,0.1776898876404494,0.287223033842886
568,851.5625,1.462537888157521,851.5625,4.817297835196002,49.205843947370354,49.33305666843384,0.9974213493009672,103.35619845100018,4031.25,0.0836799454530016,0.2048683636363636,0.2683729806107459
569,878.90625,2.2260900491503266,878.90625,36.41526307812969,26.01622503988359,105.01115795074416,0.2477472446507692,167.44264606875743,4046.875,0.0881248942038449,0.2026575539568345,0.2432439557496001
570,902.34375,1.6851721020110362,902.34375,210.6802036587125,283.5611928642722,241.10066229428017,1.1761112149835822,735.3420588172648,4031.25,0.0905747071398557,0.2559884892086331,0.2330496053506427
571,890.625,2.6491471977545387,890.625,53.317809840792286,250.67339419493248,153.0720387376797,1.6376171393686911,457.06324277340445,4343.75,0.0130930759206954,0.2079906474820143,0.3651503517224992
572,917.96875,2.023932311882407,917.96875,12.580449949065802,91.80545986427772,128.05488020793118,0.7169227733859663,232.4407900212747,4859.375,0.0403023044878468,0.1526205882352941,0.3827710071958649
573,890.625,5.510756408718385,890.625,133.75312437470697,239.00216570767395,16.688216557286687,14.321612191886189,389.4435066396677,4875.0,0.0317229012673642,0.1706589928057554,0.3852491453790019
574,906.25,2.109125132040573,906.25,28.713978481689043,161.3931263186184,83.97974774043078,1.9218100870874384,274.0868525407383,4562.5,0.028133990151009,0.2591958041958042,0.3892603720684061
575,925.78125,1.7678213728661154,925.78125,17.759287554161016,47.67244929436968,29.64078657682564,1.6083395483047649,95.07252342535634,4343.75,0.030340623335722,0.2174479999999999,0.3091146550556261
576,910.15625,1.3214221535843826,910.15625,0.8730137744455635,19.75269447884868,31.408972599424928,0.6288869976985599,52.03468085271917,4453.125,0.050949234951647,0.2082581939799331,0.2437459389537098
577,882.8125,2.066258674045045,882.8125,15.863432975167331,17.609273929151943,38.92470417887963,0.4523932628550753,72.3974110831989,4375.0,0.0475504998022678,0.1990067114093959,0.2260813767690698
578,875.0,1.9465443829994973,875.0,10.3161659157278,25.70827456880183,53.00469092342133,0.4850188562733802,89.02913140795096,4593.75,0.0416724278566292,0.207564,0.2434740512689765
579,894.53125,3.3149594384232697,894.53125,30.03522693642748,27.80040136307319,50.2942115386488,0.5527554864183496,108.12983983814946,5078.125,0.0444557650922219,0.1461718309859155,0.2317360049588778
580,894.53125,1.4855521196733288,894.53125,6.390271240602734,17.625960481575824,23.85251664668344,0.7389560079827725,47.868748368862,5078.125,0.10129504958877,0.1526205882352941,0.2000174294667637
581,902.34375,1.6591017249165805,902.34375,7.692696306273065,14.22863588002815,20.9723687121629,0.6784467732429418,42.89370089846412,4453.125,0.0986064917661641,0.195217793594306,0.2234715087611103
582,904.296875,1.4575929887894734,904.296875,1.871931995055036,16.295887117766103,33.84390246668168,0.4815014206416922,52.01172157950282,4218.75,0.1045084128592969,0.1262955555555555,0.2431247985853896
583,917.96875,2.7191434606931404,917.96875,28.00029074207871,50.76772235832691,12.12193484542885,4.188087380907783,90.88994794583448,4156.25,0.1049127232832105,0.1106417910447761,0.2076944561375614
584,949.21875,1.483379743163478,949.21875,10.320938690487266,27.282280767420502,28.574194837010584,0.9547873850178716,66.17741429491835,4062.5,0.0045743350553545,0.1118943396226415,0.1713402471753562
585,925.78125,1.8815327844487624,925.78125,21.40148182794053,43.59073019973566,46.8118246740772,0.9311905806541808,111.8040367017534,4031.25,0.0418627533894904,0.096567816091954,0.1369729664403787
586,929.6875,1.983616786151189,929.6875,39.87669558843835,114.78400903736522,57.77413957311767,1.9867714151259168,212.43484419892127,4031.25,0.0343797508887242,0.0804511627906976,0.1373735360066477
587,939.453125,2.037979403556823,939.453125,5.748938824412412,43.57460863605748,7.266824921827198,5.9963751851476985,56.59037238229709,4031.25,0.0370845071021476,0.069496875,0.1494242200098931
588,949.21875,1.91790807108678,949.21875,28.84597443670059,47.65382110824374,21.182193508536194,2.249711347837501,97.68198905348052,3968.75,0.0333870769611027,0.069496875,0.1092178320162703
589,964.84375,1.5543768382127054,964.84375,13.584133635064084,50.59672759166836,43.610230696453975,1.1602031629652092,107.79109192318644,3968.75,0.0308264771241032,0.0755835294117647,0.1078527249707008
590,968.75,1.8082857687876,968.75,7.612191879158485,52.0644019395684,43.93914167452199,1.184920778044188,103.61573549324888,3968.75,0.0513678486968327,0.0758811023622047,0.1202888347099103
591,968.75,1.6494972687827325,968.75,19.74861078509554,32.0160145251242,36.33213040121721,0.8812038867957929,88.09675571143696,3937.5,0.0643966511429114,0.0764833333333333,0.1164621779445312
592,968.75,1.2989398239964964,968.75,5.0745971060377295,33.242342143726376,44.36329290347405,0.7493208904951055,82.68023215323817,3968.75,0.0705164974218114,0.0836951612903225,0.1152536019947958
593,978.515625,1.454731088031635,978.515625,30.08757388054671,42.48115986317031,33.653235291028224,1.2623202344677855,106.22196903474524,3875.0,0.0309368618438703,0.0833590361445783,0.1212989860763039
594,968.75,1.4500456161433668,968.75,18.532276834435034,42.87866782624568,85.34770624974067,0.5023997680825307,146.75865091042138,3843.75,0.0251690079492444,0.0836951612903225,0.1239180725834537
595,972.65625,1.5260184227177775,972.65625,68.11471806644485,105.25069743593455,150.77060506529077,0.6980849973398732,324.1360205676702,3812.5,0.0228179413444006,0.0780315789473684,0.1107420149312775
596,984.375,1.588148695166835,984.375,18.79386841016653,53.62506811065396,52.24800825270206,1.026356217279932,124.66694477352254,3812.5,0.0203579482181909,0.0893132530120481,0.088872481561157
597,984.375,2.6246848124439044,984.375,69.77292036055275,226.7934921562569,42.26169374539777,5.36640801768515,338.8281062622075,3781.25,0.0576288465814302,0.088956,0.1574238615143199
598,992.1875,1.129930043775844,992.1875,0.3076593798965089,6.842843185767238,12.506129601250311,0.5471591454708032,19.65663216691406,3937.5,0.0733164830536841,0.1054814229249011,0.2526024649344064
599,988.28125,2.644766646440423,988.28125,31.12941315906687,40.40502548687684,21.61842154247121,1.8690090489491915,93.15286018841492,3968.75,0.0658694009021449,0.1167401574803149,0.2436675525091165
600,855.46875,3.1965162085837813,855.46875,459.04463099497934,2562.5634493896614,381.89258173399537,6.710168178062692,3403.500662118636,4062.5,0.0552128094611411,0.115828125,0.2757529168234742
601,957.03125,2.5924624525226663,957.03125,62.719870682090544,41.24392831798362,45.89649277900364,0.8986291940993707,149.8602917790778,4187.5,0.0326359822181092,0.1264232558139534,0.271439094823741
602,964.84375,1.220915637195116,964.84375,11.424477258285394,31.808841383807508,41.50228669258,0.766435874230864,84.7356053346729,4171.875,0.0181539271869183,0.0995776119402985,0.2638137567032972
603,980.46875,1.3531418943074809,980.46875,18.54341058910596,25.349979263148967,41.90301552510672,0.604967898979972,85.79640537736165,4125.0,0.0380192927906904,0.1098222222222222,0.2591633924767861
604,984.375,0.6827456717876711,984.375,25.86496196229002,16.73292359730979,30.738913421297,0.5443563787689591,73.3367989808968,4203.125,0.0263210408541368,0.0774492537313432,0.2512554250629003
605,976.5625,5.963660452125473,976.5625,582.8780616090763,274.4551936765797,19.905671615953853,13.787788675093552,877.23892690161,4203.125,0.0336871557033282,0.0898545454545454,0.2258896939572594
606,949.21875,4.062541805804961,949.21875,256.62533751042906,173.682164866129,96.38427309455756,1.8019761864649693,526.6917754711156,4187.5,0.0344559501533238,0.1131755725190839,0.2878179955070358
607,980.46875,1.6050610043481297,980.46875,45.86195628353673,60.654730969509465,25.37710733646958,2.390135730022397,131.89379458951578,4125.0,0.0321703807108434,0.1192896551724137,0.3023343504358125
608,972.65625,1.6284872744113503,972.65625,7.591630934666456,14.22234963928298,49.99658105993427,0.2844664442601323,71.81056163388371,4062.5,0.0289717181548013,0.1368553846153846,0.2666771980150842
609,976.5625,1.71905313524987,976.5625,55.66654814983723,72.3722154736938,69.0324384678852,1.0483798208484596,197.07120209141624,3875.0,0.0408900355971393,0.1368553846153846,0.2746102970038783
610,972.65625,1.2900383507961717,972.65625,2.669018825596026,34.26417807504568,50.00243181215375,0.6852502335039897,86.93562871279545,3828.125,0.0305552867036748,0.1368553846153846,0.1638418522806888
611,976.5625,1.3318027578274405,976.5625,5.198898466450954,9.851072717596509,15.09620582277966,0.6525528886689909,30.14617700682712,3828.125,0.0292806512707849,0.1149302325581395,0.1712834564760961
612,976.5625,1.6762099101639147,976.5625,199.5407829747685,670.9184048361994,322.87374784962617,2.077958983362965,1193.332935660594,4062.5,0.0295987608422773,0.1050661417322834,0.1738695760727369
613,984.375,1.19089840217864,984.375,10.920567709430394,7.852721254020828,50.50903854609357,0.1554716042922612,69.28232750954479,4062.5,0.0400875157072958,0.1254507692307692,0.1713213546316482
614,984.375,1.8223812528532133,984.375,28.38605582676088,51.18536555858017,31.103129602422687,1.6456660861096513,110.67455098776374,4093.75,0.0468128997213746,0.1249701149425287,0.1219585022087377
615,976.5625,1.072182997875862,976.5625,1.0705349082725504,8.05531050342779,53.57401579410944,0.1503585345251174,62.69986120580978,4125.0,0.0067049712437266,0.1244931297709923,0.1093341690029556
616,964.84375,3.0834610257246613,964.84375,37.99409467171644,32.60249199364192,14.274147966514247,2.284023681842459,84.87073463187261,4125.0,0.1006530382739967,0.1075167938931297,0.1058638039678959
617,968.75,1.3040030108100849,968.75,11.743685341365117,4.95569179866586,44.959499054695954,0.1102256898511471,61.65887619472693,4125.0,0.0985096894686475,0.1010863636363636,0.1033587782213629
618,972.65625,1.4544456629176383,972.65625,7.619762153714599,11.219735799355371,18.487023414508403,0.606897906049616,37.32652136757838,4125.0,0.0937963618233601,0.1018580152671755,0.0994648302688531
619,976.5625,1.3657332346537363,976.5625,13.132769601401368,7.023158707981436,35.739692683891434,0.1965086485241913,55.89562099327424,4062.5,0.0982528886704982,0.1050661417322834,0.0913143575401102
620,980.46875,1.905786003809086,980.46875,36.48805300288206,26.660352988952205,22.734315226339817,1.172692149445685,85.88272121817408,3968.75,0.0434053478673952,0.1050661417322834,0.0927903912631854
621,972.65625,1.1793791135632985,972.65625,3.88626590527635,9.414754238012344,46.53031253500457,0.2023359338265708,59.83133267829327,3875.0,0.0430066203291363,0.0941333333333333,0.0931688481956513
622,960.9375,1.5041229927980566,960.9375,7.594070998290967,38.73568660250297,43.78195725806194,0.884740861953362,90.11171485885588,3843.75,0.0318910253111503,0.1167401574803149,0.0931061291901551
623,972.65625,1.5638875134248642,972.65625,18.808300782535564,93.92607509420525,30.503475441208952,3.0791925751291584,143.23785131794975,3843.75,0.033254743245595,0.1113415019762845,0.1079850735993536
624,976.5625,1.524448119043451,976.5625,145.62701823516556,1047.1621184489632,980.9565925479516,1.0674907803300944,2173.74572923208,3843.75,0.0583039085916103,0.1113415019762845,0.1232047869593216
625,935.546875,5.843930652758378,935.546875,411.027121932712,1144.6329093499976,22.01110219222738,52.00252578692736,1577.6711334749368,3968.75,0.0424827177029841,0.1054814229249011,0.134943444107694
626,832.03125,1.8905583145981293,832.03125,400.3822028623282,1454.3089688190717,676.209531735007,2.1506780081724526,2530.900703416407,4125.0,0.0532616957245118,0.1167401574803149,0.1256266666225574
627,914.0625,5.651646706276602,914.0625,443.9279227515673,247.58324199782552,80.05486338874312,3.0926695957942183,771.566028138136,4125.0,0.0135358755121918,0.12355,0.1230748415490756
628,939.453125,3.0839117970473926,939.453125,189.76345359048747,232.86836484249977,31.269314329128207,7.447184878805501,453.9011327621155,4265.625,0.064389742478554,0.1303384615384615,0.1359156650052333
629,972.65625,1.8248034096145684,972.65625,24.897693829689324,39.76309557185523,31.25289957207,1.2723010061885778,95.91368897361454,4187.5,0.0619421086182013,0.1493266187050359,0.243006861927671
630,972.65625,1.394090226300729,972.65625,13.765879077408226,31.240498421420178,52.59277743780311,0.5940073892915352,97.5991549366315,4343.75,0.0613932597478462,0.1846654804270462,0.257203586578888
631,900.390625,0.9891032584057676,900.390625,4.4511866927018415,52.29647100176386,187.76601350159444,0.2785193658133439,244.51367119606016,4906.25,0.0541320664847252,0.1819797833935018,0.3932480336510917
632,882.8125,2.177864717325698,882.8125,14.364004525764352,37.31161189765851,35.73831385743361,1.044022727163376,87.41393028085648,4343.75,0.046303795760712,0.2239899280575539,0.4362907219773854
633,906.25,2.3497721016959408,906.25,68.36890700438379,39.00159453556015,64.54205422034563,0.6042818904153449,171.91255576028956,4328.125,0.0496747494183608,0.2986532374100719,0.448864775602697
634,906.25,1.288235166925514,906.25,4.708527485429492,8.286272379572878,52.08855206364275,0.1590804898828548,65.08335192864513,4203.125,0.0507956531777767,0.2859299999999999,0.3834174641448759
635,917.96875,2.287510098585902,917.96875,64.94123443308298,26.142337684286023,64.28084850974494,0.4066893684566541,155.36442062711396,4093.75,0.0555164351203116,0.2338150537634408,0.3533360661799235
636,890.625,2.2732409376840006,890.625,26.545419298099965,18.88703350516217,36.690812582703145,0.5147619301859216,82.12326538596528,4296.875,0.0479500642111635,0.2759583941605839,0.320598450405001
637,904.296875,0.8800685373644422,904.296875,1.6798872675692071,5.9933579299567175,55.33199409691923,0.1083163191165455,63.005239294445154,4406.25,0.0370071021329934,0.2834382352941176,0.3074597549650242
638,835.9375,1.5143975723346077,835.9375,17.15887729986441,153.2473088028059,100.17650110019248,1.5297730218141097,270.5826872028628,3312.5,0.0369275673600762,0.2090846153846153,0.1916769406316475
639,855.46875,1.1906112555581752,855.46875,7.805878308338501,2.165516277171432,93.52725659600624,0.0231538522136433,103.49865118151617,3468.75,0.0384235096468114,0.2280923076923076,0.2215488049183163
640,832.03125,2.0657340383107647,832.03125,10.161367330274055,31.0461370431374,91.15706056331092,0.3405785229502333,132.3645649367224,3718.75,0.0414401137587343,0.2347449999999999,0.2214447360901752
641,843.75,1.3185677468020431,843.75,10.884744651357474,9.028538672752848,38.88407195444073,0.2321911831490104,58.79735527855105,4218.75,0.0538689095967286,0.2471,0.2077255525569961
642,847.65625,0.8827599297356892,847.65625,3.499102585673734,8.63635749449475,64.10571018448704,0.1347205649799456,76.24117026465552,4281.25,0.0480707129219498,0.2151223529411764,0.2547888781053518
643,867.1875,2.0966198763862742,867.1875,5.042843524320851,5.668992955788866,17.778248840845325,0.3188724045061412,28.490085320955043,4562.5,0.049187511610066,0.2272598540145985,0.2222742469851293
644,871.09375,1.635600531864273,871.09375,74.09058358323406,38.59098052447348,51.793014837564655,0.7451000998011811,164.4745789452722,4562.5,0.0633464932261461,0.24085559566787,0.2345030527053084
645,869.140625,0.9974978307432864,869.140625,1.311441929740475,7.084795784705997,30.426444101450105,0.2328499433283543,38.82268181589657,4468.75,0.0547867218998998,0.2164379562043795,0.2685435456197934
646,863.28125,1.52921408437262,863.28125,50.32062697055345,244.98422309535016,211.8159045613273,1.1565903117743437,507.1207546272309,4281.25,0.048227354211193,0.2223899999999999,0.2365277721589133
647,871.09375,0.9102178696857696,871.09375,0.7096155700843189,4.031687504976473,23.262613555034115,0.1733118892870058,28.003916630094903,4000.0,0.0568323494012508,0.2041260869565217,0.243705546300528
648,871.09375,0.7638481456563828,871.09375,1.4741758942892789,4.150960349730518,12.940609976119289,0.3207700685972868,18.565746220139086,4000.0,0.0602444130465545,0.2009384615384615,0.2417146487031583
649,863.28125,1.0649856006223009,863.28125,2.2125970802085027,2.9663185032569626,49.82079464809622,0.0595397669629565,54.999710231561686,4281.25,0.0675932115352547,0.2009384615384615,0.2474474397807462
650,871.09375,1.1755793584613556,871.09375,9.915524907101885,43.76091620209149,17.935577975412926,2.4398943966055264,71.6120190846063,4312.5,0.0674574302599756,0.2071279411764705,0.2297178169528404
651,878.90625,1.057385222418621,878.90625,3.652150044977285,5.2748385122249,46.512761633491465,0.1134062637215408,55.43975019069365,4312.5,0.0669328444704932,0.2102596363636363,0.2269104570719577
652,878.90625,1.024271696605714,878.90625,3.7813555253379008,3.730625812743078,16.721401123228837,0.2231048573770897,24.233382461309816,4312.5,0.0575738612052142,0.2148695652173913,0.2154175919381209
653,875.0,0.9615234150358344,875.0,2.8767769161743018,7.407757283775503,39.01597351194377,0.1898647301856456,49.30050771189357,4312.5,0.0305027172558438,0.2009384615384615,0.2178505344025669
654,878.90625,1.2670817860560837,878.90625,23.87551394237073,28.43135198864141,20.348285239349963,1.3972357697080162,72.6551511703621,4296.875,0.0319753368725013,0.2148695652173913,0.2279056613171376
655,890.625,1.0732467446753589,890.625,3.363060969500297,4.700317719082987,25.36757404008703,0.185288420235034,33.43095272867032,4250.0,0.0355792637117582,0.1990067114093959,0.2131508819331138
656,882.8125,1.6081834868666562,882.8125,22.765888475260567,44.0248062908863,30.31566827150038,1.4522129578873186,97.10636303764724,4546.875,0.0394002699893757,0.207564,0.3009935480487912
657,878.90625,1.3663628894543398,878.90625,55.16727595429838,488.9951519939942,624.2205893370406,0.7833691492190865,1168.3830172853332,4687.5,0.0475066930307477,0.2032996655518394,0.4011527294153257
658,873.046875,6.376072220849236,873.046875,347.1358234682875,373.00165987607227,46.74167905494426,7.980065487968746,766.879162399304,4906.25,0.040425552249239,0.3162879999999999,0.3938244997781555
659,828.125,3.155660999902114,828.125,122.46609771604663,83.34408016267098,54.36914534087941,1.5329297460926925,260.17932321959705,5125.0,0.0262302778758775,0.2834382352941176,0.3844592745697538
660,863.28125,1.555525981370032,863.28125,24.26906819065639,20.154683159074075,29.367255078411915,0.6862978206597842,73.79100642814238,5125.0,0.0819513541078519,0.2779875,0.4270453180346051
661,880.859375,1.3107527996422923,880.859375,22.01621817715206,16.701931651504225,18.82821837812213,0.887069148874511,57.54636820677841,4093.75,0.084879748511338,0.2676916666666666,0.336956669460866
662,875.0,3.084711500376998,875.0,25.27635191751995,21.54364590819693,40.62166024847945,0.530348729628877,87.44165807419634,4093.75,0.0765703108429375,0.2920272727272727,0.3034664847443242
663,853.515625,3.60589819897636,853.515625,74.60615192657707,190.1103188736547,37.18530349705252,5.11251222915859,301.9017742972843,4093.75,0.0638246759062919,0.2253551999999999,0.3289125615666627
664,830.078125,1.5565207055330184,830.078125,28.31613686427135,119.59507677121776,86.20846698650698,1.3872776184494304,234.11968062199608,3859.375,0.0836279595468003,0.1928585365853658,0.2776090350512034
665,855.46875,1.795758476489437,855.46875,66.25600410750376,65.16343604970658,85.15193597449688,0.7652607695170092,216.5713761317072,3843.75,0.0590169343600578,0.2049121951219512,0.2747019788243901
666,871.09375,1.2155142731750863,871.09375,14.936809438008776,34.20065385173763,63.39002774534886,0.5395273526165485,112.52749103509528,3781.25,0.0489416346741918,0.1464296296296296,0.2357056775191568
667,882.8125,1.0622159559888245,882.8125,3.58028952053796,12.009454742260605,79.56924998109062,0.1509308526235274,95.15899424388918,3718.75,0.0549704572182072,0.1205365853658536,0.1727428124332664
668,875.0,1.2807990765895396,875.0,5.93669305188073,21.639407288464223,54.2847646375823,0.3986276339767508,81.86086497792725,3718.75,0.0344475691162367,0.132590243902439,0.2746751613686979
669,841.796875,1.1134809047501777,841.796875,1.0461093572705182,5.290249095018986,59.668560192955525,0.0886605790036065,66.00491864524503,3906.25,0.050778114587071,0.1446439024390244,0.2823991643331243
670,855.46875,3.817836977230431,855.46875,142.5319637267141,177.4667766375815,35.06775462685093,5.060682627843457,355.06649499114656,3859.375,0.0415121597244576,0.1660511999999999,0.3328209676204068
671,869.140625,3.9015015335182,869.140625,45.30865621327521,92.74124659074587,27.164460041553987,3.4140655271217555,165.21436284557507,4109.375,0.0343560030250473,0.2276651685393258,0.3064532242206568
672,886.71875,2.0376081039360137,886.71875,11.79055003025206,60.66904482882181,26.33313441056809,2.303905182076386,98.79272926964197,4250.0,0.0237938449957511,0.2306266666666666,0.2908553607623102
673,902.34375,1.5754623361474696,902.34375,7.759418479797637,5.219336011465259,10.344573045963228,0.5045482291317964,23.323327537226124,4593.75,0.0433176273211481,0.2489036496350364,0.293380146318817
674,906.25,1.7936696305525528,906.25,7.646740070573381,13.62055599324976,19.60696335471707,0.694679525168435,40.874259418540206,5093.75,0.0443747009765028,0.2409879858657243,0.2588450032892145
675,894.53125,1.6995767495171212,894.53125,1.7459899719839735,3.27616513907854,21.734656774263986,0.1507346158305958,26.756811885326496,5093.75,0.0330052174554715,0.2547422680412371,0.2238352427225676
676,894.53125,1.4004048572737358,894.53125,34.93751417159245,44.95730503475784,32.25600206559267,1.393765567826324,112.15082127194296,4781.25,0.0442945781051562,0.2627392405063291,0.2362490630594177
677,902.34375,1.7178210299414456,902.34375,5.455867574706438,23.411972703100822,14.522837472479967,1.612079784509419,43.39067775028723,4500.0,0.0541869393978448,0.2721227848101265,0.2447117487779325
678,875.0,2.327137569345768,875.0,52.79617261904002,112.71962306519458,31.17579361951569,3.6156135892121566,196.6915893037503,4484.375,0.056499670010464,0.2277030716723549,0.3604628262027501
679,890.625,1.9664964553041435,890.625,1.940954164847151,16.038016062640786,52.0001341471452,0.3084225901659769,69.97910437463314,4531.25,0.056017436202184,0.1956208333333333,0.3681441138108091
680,902.34375,1.172650461386477,902.34375,1.875214441621904,3.2877145243123,42.33834408503776,0.0776533564399408,47.50127305097197,4531.25,0.0535769672089336,0.2147936395759717,0.3976535243086496
681,898.4375,1.110558041660655,898.4375,0.7204785474982376,10.657956826476122,23.618647330934905,0.4512517875025252,34.99708270490926,4546.875,0.0993623129600222,0.2368041666666666,0.3732451261644172
682,906.25,2.2048615925682613,906.25,4.592903761302584,17.703806481176315,95.35862173807696,0.1856550163843982,117.65533198055586,4343.75,0.095158777771782,0.1826391304347825,0.2727965912223705
683,906.25,1.8023833323048744,906.25,20.958619148072813,27.49410074630626,45.50660259021841,0.6041782770269052,93.95932248459748,4343.75,0.0967265672168874,0.1548985074626865,0.2664987550617295
684,900.390625,1.5708832044725358,900.390625,5.642174392799012,9.87207241701195,44.92860372315299,0.2197280039647568,60.44285053296395,4000.0,0.0996443774252075,0.1347818181818182,0.1508237240373359
685,886.71875,1.4244965398488565,886.71875,5.984680121271816,6.293617507470247,30.4833564275104,0.2064607787674728,42.76165405625247,3953.125,0.0006537721045287,0.1149302325581395,0.1404548930706488
686,900.390625,1.4481506911658513,900.390625,13.240109536844614,24.420083866133,29.29498182780434,0.8335927296242766,66.95517523078195,3890.625,0.0244177970776554,0.0941333333333333,0.159985210971079
687,898.4375,1.1115650782014173,898.4375,0.314368798168979,1.3606230772527272,17.234460385321555,0.0789478200554256,18.90945226074326,3875.0,0.0316336478042513,0.0830255999999999,0.1388037192382554
688,898.4375,1.3984297511053088,898.4375,2.4853285712831354,19.607285310151205,56.847405282258016,0.3449108224517436,78.94001916369236,3906.25,0.0332429265537679,0.0717387096774193,0.1515716836357799
689,914.0625,2.048850494343729,914.0625,5.216536691940835,16.821627334738498,36.74682449069122,0.4577709113069018,58.78498851737055,3906.25,0.0331376666394367,0.0777169354838709,0.1502065001523627
690,929.6875,1.6903735954516472,929.6875,12.699521305477038,35.73350347780976,10.175568241241765,3.511696116682823,58.60859302452856,3875.0,0.033900338548158,0.0717387096774193,0.1167368150905382
691,937.5,1.2380195102228029,937.5,9.391798312737023,15.495655792937772,21.54845054915307,0.719107657304242,46.435904654827866,3875.0,0.0424641308797462,0.0843756097560975,0.1092827504184113
692,937.5,1.831621879558502,937.5,27.465444813620547,27.870248210956383,20.172027313125337,1.3816285184594237,75.50772033770227,3812.5,0.0282539450542323,0.0602682926829268,0.0887292610321917
693,949.21875,1.3736421440820925,949.21875,3.9257305657055146,27.55978822845195,39.37463470483316,0.6999376231690866,70.86015349899063,3750.0,0.0326482758122715,0.0549111111111111,0.087017754798066
694,941.40625,1.1856471491568077,941.40625,2.7956113767834303,1.627683774161682,14.70600680513964,0.1106815599726785,19.12930195608476,3750.0,0.0427588435987241,0.0488098765432098,0.0839086118307937
695,941.40625,2.057186089644163,941.40625,1016.7910290006372,4960.232450395811,2066.4896290579454,2.4003180953088266,8043.513108454394,3781.25,0.0416523174830663,0.0549111111111111,0.0920608636784382
696,929.6875,1.9499176646931964,929.6875,42.59492205039266,36.02872989752511,23.496165300293093,1.533387658669378,102.11981724821086,3781.25,0.032220071302703,0.0729147540983606,0.0910454947084166
697,937.5,1.852325588386444,937.5,13.116185501205884,20.396373385742464,31.473629961373163,0.6480464252383487,64.98618884832152,3812.5,0.0340420297523442,0.0602682926829268,0.0952923947642244
698,937.5,1.0769173772134977,937.5,1.3631887342234514,6.672099939301788,45.5417248738924,0.1465052094047208,53.57701354741764,3843.75,0.0447279647839245,0.0482146341463414,0.1104400537108633
699,945.3125,1.7711210774657316,945.3125,31.78798842504188,39.24860718100724,39.16813273322877,1.002054589845438,110.20472833927788,3937.5,0.0507002614803785,0.0482146341463414,0.1144872033284487
700,945.3125,1.1547204963880917,945.3125,0.9396802663113988,12.448766554011858,32.06008344735706,0.388294889327186,45.44853026768031,3937.5,0.0422969034716271,0.059304,0.1090028394495808
701,949.21875,1.055830074179403,949.21875,0.1147454373922844,11.23561213652687,45.10204627955704,0.2491153520371319,56.4524038534762,3937.5,0.059452367214297,0.059304,0.1167939989311115
702,947.265625,1.067763667871264,947.265625,0.1721094041344909,3.076757305196512,41.82971390082359,0.0735543473352786,45.0785806101546,3937.5,0.0219474039904498,0.059304,0.113098035802964
703,941.40625,1.4448780464203927,941.40625,11.042285944221614,21.98157334712824,37.47428050559806,0.5865775953682296,70.49813979694791,3906.25,0.0439055709625586,0.0597822580645161,0.1012129907322908
704,957.03125,1.4529378368563572,957.03125,34.3272064397618,16.81728515210274,24.21782843703657,0.6944175525822084,75.36232002890111,3875.0,0.0453966142873991,0.0535879518072289,0.107337442613204
705,949.21875,1.8822689202365963,949.21875,24.709353706618348,29.330079528561548,27.79920995214475,1.0550688159502422,81.83864318732465,3843.75,0.0431698169548405,0.0597822580645161,0.0955699651334087
706,949.21875,1.2255713407962532,949.21875,16.795241248479332,12.781611220426315,42.4091337330172,0.3013881703147198,71.98598620192286,3843.75,0.0337551489418636,0.0717387096774193,0.155596226187365
707,949.21875,1.2845274998982188,949.21875,12.375797686525956,9.843058969619308,13.487153944667496,0.7298099369223129,35.70601060081276,3843.75,0.0317394362468759,0.0723219512195122,0.1525929618421993
708,921.875,2.247954057092685,921.875,138.51590185128657,257.32765337788874,339.1259926892302,0.7587966092994228,734.9695479184055,3843.75,0.0356740525841741,0.0964292682926829,0.1458396693601704
709,935.546875,1.4586513545961106,935.546875,288.2422975545446,2011.7603240728768,1670.855287988375,1.2040302583564455,3970.857909615797,3859.375,0.0553574643357534,0.0843756097560975,0.1424743511463254
710,953.125,2.429652192288253,953.125,64.30705490501398,46.49782968463101,33.012192126184615,1.4085047580875387,143.8170767158296,3875.0,0.0563423582775802,0.0843756097560975,0.0913325655590935
711,960.9375,1.2420992399863116,960.9375,8.629287006203123,8.502962789123737,34.46298592189028,0.2467273964129383,51.595235717217136,3812.5,0.0583977619899596,0.0904024390243902,0.0826213648197621
712,945.3125,1.4314502903406414,945.3125,23.65198703008231,27.21172861866841,18.55896581945081,1.4662308710191725,69.42268146820152,3875.0,0.0607281894705377,0.0774048192771084,0.1312968086387441
713,957.03125,1.185596177659702,957.03125,4.727231924048442,8.250263153831128,35.93412352884582,0.2295941112132121,48.91161860672538,3843.75,0.0664429590900229,0.0843756097560975,0.1428759823221768
714,953.125,0.9896231929915016,953.125,20.527208850802133,38.141953684334,59.839285969697166,0.6374065643705913,118.5084485048333,3859.375,0.0698012301802766,0.0836951612903225,0.1376381448659497
715,964.84375,1.573625739620858,964.84375,5.9546885489055565,9.734930023983496,25.11428155801411,0.387625264194628,40.80390013090316,3875.0,0.0432975144422973,0.0783487804878048,0.1385672421762921
716,960.9375,1.7410866397635243,960.9375,11.215505423056374,7.555938153350484,27.448566550674258,0.2752762385387617,46.22001012708112,3843.75,0.0453489897489764,0.079316049382716,0.098635283074645
717,945.3125,1.6796439798676437,945.3125,23.992356255349872,49.01593928859381,27.807407343385147,1.762693611932641,100.81570288732884,3843.75,0.0615696486271723,0.0723219512195122,0.0729719981769507
718,960.9375,1.1531502999465606,960.9375,1.343825269476356,1.4812099352007435,40.620609720560566,0.0364644929111197,43.44564492523767,3750.0,0.0711414390266271,0.0732148148148148,0.0696607553902231
719,960.9375,2.072735455730552,960.9375,2353.871110836541,13165.913469880814,4040.690486165872,3.258332583244622,19560.475066883228,3796.875,0.0746126539767831,0.0729147540983606,0.0723489089543021
720,964.84375,1.048054732505722,964.84375,3.733940151063274,7.776683366722836,19.63247364435989,0.3961132716944691,31.14309716214601,3781.25,0.0719446776798163,0.0729147540983606,0.0859367467140737
721,968.75,1.5306036490071258,968.75,285.4706193665614,1638.112675197072,1193.8695666870692,1.3721035537766124,3117.452861250703,3812.5,0.041545906301983,0.0607622950819672,0.1516883467157805
722,968.75,1.3249648516738677,968.75,30.942698379631658,48.674179975653146,82.56597798443619,0.5895186027449261,162.18285633972098,3812.5,0.0432417874774328,0.0602682926829268,0.1486371722144576
723,972.65625,1.19842179297597,972.65625,0.9453854512295244,31.234358370751764,34.92370752475925,0.894359751140628,67.10345134674054,3828.125,0.0562070873300283,0.0660267206477732,0.1582942715969119
724,972.65625,1.07090183993689,972.65625,0.4168911659674187,4.44475817809483,40.447378561297846,0.1098898948756052,45.3090279053601,3937.5,0.0520481766459246,0.0597822580645161,0.1500989967467569
725,964.84375,1.2372343574519924,964.84375,8.220055769122336,16.192734626579487,8.785303012371275,1.843161767303556,33.1980934080731,3937.5,0.0515533311940608,0.0597822580645161,0.1393610101341929
726,968.75,1.5990619689402483,968.75,20.384771236023443,8.805383028113967,43.08782419907383,0.2043589619989035,72.27797846321124,3937.5,0.0526580985931954,0.059304,0.1176939239983386
727,960.9375,1.137451835703098,960.9375,2.402239461154637,6.64943509273311,25.85280381128356,0.2572036341308147,34.9044783651713,3937.5,0.0346626050472595,0.0588333333333333,0.1158874888992445
728,964.84375,1.0633402624044386,964.84375,8.752686544265812,11.72524180484993,42.19203768708749,0.2779017664851569,62.66996603620324,3937.5,0.0403859665175698,0.0470666666666666,0.1037850696930577
729,976.5625,1.5620258203622643,976.5625,22.701821716421943,17.40447255086375,27.53425222604585,0.632102604711382,67.64054649333156,3937.5,0.0302108480946566,0.0470666666666666,0.130060589816229
730,968.75,1.0654674620687667,968.75,2.6904226708812784,3.828258454001725,49.61141151150848,0.0771648767363467,56.13009263639148,3937.5,0.0489577312917382,0.0470666666666666,0.1265896106995116
731,968.75,0.9353424995144024,968.75,0.3464330454572758,3.699314417493359,11.82512913387036,0.3128350122534835,15.870876596820995,3937.5,0.0338095987311389,0.0531609561752988,0.0925590070799434
732,964.84375,0.9830616276661778,964.84375,5.306236214249975,6.788271537596012,28.29095081111393,0.2399449768556127,40.385458562959926,3937.5,0.0360231423396479,0.0711648,0.0887914176133111
733,964.84375,1.113898315350906,964.84375,7.488238388707252,13.087887474964525,43.50921827106247,0.3008072310889838,64.08534413473424,3937.5,0.0391093937488199,0.0717387096774193,0.1259983030111509
734,960.9375,1.644207035181492,960.9375,296.1263288208274,1506.13447318213,841.4168640084939,1.7899979636810868,2643.6776660114515,3875.0,0.0184205922849307,0.0588333333333333,0.1021331128864072
735,964.84375,0.931985207325314,964.84375,2.8080567797977403,10.924734490513265,21.71416232243777,0.5031156315537197,35.44695359274878,3859.375,0.0628556647586418,0.0717387096774193,0.1075766090951805
736,960.9375,1.0570185493301396,960.9375,0.0344756693321477,0.2396016615848616,25.318090576715235,0.0094636544908019,25.592167907632245,3875.0,0.0540853193213107,0.0597822580645161,0.1535562170350372
737,964.84375,0.6398386947753181,964.84375,2.1159780968015367,13.03381569227839,45.60473640179569,0.2857996059322729,60.75453019087561,3875.0,0.0561391047158026,0.0597822580645161,0.152809742420197
738,960.9375,1.105482563975784,960.9375,3.280428964194719,4.085608696588837,35.63731345170666,0.1146441272046329,43.003351112490215,3875.0,0.0819049317887824,0.0723219512195122,0.1228720842320401
739,957.03125,1.1882109002011054,957.03125,4.621473453391566,7.092956068063892,21.89598807730609,0.3239386157419097,33.61041759876154,3875.0,0.080006329457123,0.0602682926829268,0.1265022161177015
740,958.984375,1.463545108875803,958.984375,2.923348579746482,5.237441665476298,13.765369836886514,0.3804795459575473,21.92616008210929,3843.75,0.0789013173984953,0.0597822580645161,0.1248720375999702
741,957.03125,1.2558509048625612,957.03125,6.098307259015792,14.09830713170464,26.26620495919101,0.5367470159320215,46.46281934991145,3843.75,0.0937276033464956,0.0482146341463414,0.0579634054910444
742,960.9375,1.1523718195041854,960.9375,0.3844345307147654,8.312612591442058,18.018518193575577,0.4613371922229367,26.7155653157324,3859.375,0.0958050061168333,0.0478258064516129,0.0622926885533137
743,957.03125,0.9225296357110724,957.03125,1.100535358225207,3.9898572228880793,16.8674247650762,0.2365421680225324,21.957817346189486,3843.75,0.0880704973076061,0.0478258064516129,0.0596619845454056
744,957.03125,1.5642953261931294,957.03125,18.7326193949484,10.219649261241171,32.15461576946234,0.317828374455244,61.10688442565191,3906.25,0.0679677747333953,0.0474432,0.0468576758634506
745,960.9375,1.4577769914744905,960.9375,9.231437993545208,9.81397156033049,25.47915828539076,0.3851764430521878,44.52456783926645,3906.25,0.0386958363888267,0.059304,0.2532449344935191
746,939.453125,1.7729513933993353,939.453125,162.68795336215916,269.2069042336101,110.94434703655791,2.4265040213802167,542.8392046323272,3921.875,0.0431737085412851,0.0700440944881889,0.3219667618078907
747,921.875,1.0787039683838795,921.875,5.291765547623673,22.45259895787192,25.833476819164623,0.8691280354959965,53.57784132466021,4031.25,0.0595795099428211,0.0804511627906976,0.3230316979254757
748,857.421875,9.304130084827792,857.421875,162.5154860906608,201.590318166006,50.86143772543281,3.96351985278628,414.9672419820996,4843.75,0.075437224080662,0.1892680851063829,0.3015467617882457
749,870.1171875,2.9162656841089225,870.1171875,51.88370774446293,846.9772834571614,175.66270811061946,4.821611214850436,1074.5236993122437,4812.5,0.0717902751706612,0.1846837370242214,0.2560501298240076
750,894.53125,4.358077632012912,894.53125,146.43966494084475,532.4087620426521,99.20906328476798,5.366533504246838,778.0574902682649,4640.625,0.0663531271440186,0.1702986486486486,0.2274359307451119
751,894.53125,1.812446932878505,894.53125,178.64898147253882,313.96407338420306,298.25135608905805,1.0526828025232955,790.8644109457999,4625.0,0.0168541499056853,0.167554109589041,0.2362851064328851
752,906.25,1.8744267115512807,906.25,32.04815852218983,56.09444511359422,77.23318229276752,0.7262998033792939,165.37578592855158,4625.0,0.0163529435752761,0.124413986013986,0.2190604841167094
753,921.875,3.1099694712906025,921.875,42.28967288215208,23.12732777154916,45.99494693872615,0.5028232297421513,111.4119475924274,4406.25,0.017186493505679,0.1261787234042553,0.17241832883081
754,947.265625,1.059072526026719,947.265625,1.8748784309097195,1.561524235248574,52.86831370584404,0.0295361082242342,56.30471637200233,4375.0,0.0212972982169636,0.1366936170212765,0.1687877300493818
755,949.21875,1.8576479153123884,949.21875,131.99151800838413,198.95026672832543,109.6234913630068,1.8148506698215103,440.5652760997164,4281.25,0.0671322247265703,0.12708,0.1099562693705127
756,957.03125,1.5283602402571077,957.03125,24.359532838569464,17.667007706539245,52.46116114902304,0.3367635660284704,94.48770169413174,4250.0,0.075005023654079,0.13767,0.2597031307612863
757,958.984375,1.0463141379426226,958.984375,3.8276445760558016,29.5564918916679,65.06684091556592,0.454248146610067,98.45097738328964,4328.125,0.0639802190018686,0.15885,0.257573977982107
758,933.59375,2.2113329047747383,933.59375,199.084447784232,189.92829309481888,108.1453164443468,1.7562322561842871,497.15805732339766,4406.25,0.0390946537223131,0.1628613636363636,0.2720954395946419
759,968.75,1.9544924577658724,968.75,16.10812524778428,32.21839717840112,12.313845183058756,2.6164367587410315,60.64036760924415,4500.0,0.0434773921208385,0.1522060836501901,0.2831804768928037
760,960.9375,1.1973859053849865,960.9375,13.011425206034264,5.027991087185649,120.4388191107518,0.0417472632520754,138.47823540397172,4125.0,0.0331507157300514,0.1409315589353612,0.2499712316647532
761,960.9375,1.518759268671183,960.9375,84.69972339637087,84.48591326731835,195.55015275401345,0.4320421747437596,364.7357894177027,4031.25,0.0308774898377524,0.1710692307692307,0.2307110889355149
762,968.75,1.197124869227725,968.75,14.93868117790467,18.961551564760903,144.39684401900288,0.1313155539761349,178.29707676166845,4031.25,0.0295779051600695,0.1723953488372093,0.2092489407825409
763,964.84375,1.4236924832933222,964.84375,37.59028588265453,38.00627955285577,123.48721826890838,0.3077750076942578,199.0837837044187,3968.75,0.0278436230318799,0.162159375,0.2488785380433829
764,968.75,1.97959682511272,968.75,42.98605963258465,24.0627801052482,109.05001760656734,0.2206581955086183,176.0988573444002,3843.75,0.0163609733348888,0.1050661417322834,0.3019811154629414
765,988.28125,1.0986903040300138,988.28125,64.76765178308221,60.167666363642994,69.56161833036288,0.8649549537202252,194.49693647708807,3812.5,0.0221901059605516,0.1122286852589641,0.3044455838105125
766,949.21875,2.524304447180586,949.21875,214.4407786516348,146.06847762538422,136.03241134203336,1.0737770225811605,496.5416676190524,3843.75,0.0356218402468861,0.1195645161290322,0.3056838915204037
767,984.375,2.128291444768507,984.375,48.05787821378407,31.975512737520745,58.65256996269935,0.5451681445136313,138.68596091400417,3843.75,0.0302881818616355,0.1505765624999999,0.3085185293823657
768,960.9375,1.3659058989297843,960.9375,152.12742243032883,146.04819520514692,270.12318949794513,0.5406725556461636,568.298807133421,3968.75,0.0405808248125685,0.1517622047244094,0.235608197342746
769,968.75,1.7446371181932032,968.75,818.1275456381261,3619.492347285253,2015.360027540068,1.795953228120326,6452.979920463447,4062.5,0.0433051786435393,0.1824738461538461,0.1790589790354953
770,988.28125,2.47819440265575,988.28125,192.54242037446508,123.88637056461826,60.82701629542204,2.0366997776601807,377.25580723450537,4062.5,0.0453865728979811,0.165366923076923,0.1941770760761253
771,984.375,3.2295821813897128,984.375,296.9856923218371,140.27678824832606,139.58895005405157,1.0049275977361256,576.8514306242148,4171.875,0.0229178397389273,0.14826,0.2721812717870437
772,937.5,2.6057963153846333,937.5,250.3817927434635,189.72094657849675,73.00777649389838,2.598640250252693,513.1105158158587,4171.875,0.0228964764242138,0.1539623076923076,0.2920715609540436
773,976.5625,2.818004566833729,976.5625,1187.423319623452,4272.281054051919,762.7519474693522,5.601140801051289,6222.456321144722,4218.75,0.0180304512432568,0.1710692307692307,0.2764275429118232
774,984.375,3.0666016865072923,984.375,298.8409154732186,255.0783298491254,80.81572689948457,3.156295681982565,634.7349722218287,4062.5,0.0131156424035254,0.1873918215613382,0.2815461904653836
775,937.5,3.864864100694658,937.5,132.26478368676206,86.23994468072168,81.33092881185922,1.0603585369130402,299.83565717934295,4062.5,0.0129847478707842,0.1744235294117647,0.3174290657268728
776,955.078125,3.5555436083899945,955.078125,1891.6780363460707,4914.148309379345,373.76757570113983,13.147604631463912,7179.593921426556,3937.5,0.0241025570891417,0.1860088560885608,0.3077272909364424
777,937.5,3.044799767626629,937.5,637.9438233211497,1252.6066085750997,321.43423020742216,3.896929731991488,2211.984662103672,4375.0,0.0372394333856937,0.2306266666666666,0.3041140139529308
778,960.9375,3.321477265704269,960.9375,273.9287524346647,269.69895281784807,44.311490121335936,6.086433836446143,587.9391953738487,4296.875,0.0508310751413432,0.2887460674157303,0.3236870449518594
779,949.21875,3.1363778119398864,949.21875,549.5655098912162,504.8427503095262,167.00991248578794,3.022831057123552,1221.4181726865304,4531.25,0.0406885161486368,0.3654295774647887,0.3141990057740461
780,980.46875,3.769369965764191,980.46875,97.12368726605064,116.2118504697487,12.239219621747626,9.49503759727084,225.57475735754696,4531.25,0.0426293755707158,0.2773208633093525,0.3996028751444577
781,888.671875,2.785384495748141,888.671875,484.4759260368238,1366.511980975671,532.5704113096424,2.565880401833224,2383.558318322137,4343.75,0.0506580244165214,0.3199856115107913,0.4456445623467052
782,972.65625,0.884459405008541,972.65625,4.808826257633647,49.89001685772515,39.21013667326119,1.272375489875478,93.90897978862,4593.75,0.0543206957524971,0.3294666666666667,0.4375187270829818
783,935.546875,6.053706159417782,935.546875,885.6694770538095,1462.1811496441874,192.2671688589955,7.604944506758295,2540.117795556992,4250.0,0.0585338955323037,0.3514311111111111,0.450334122431671
784,933.59375,3.434981332105496,933.59375,947.1396850650768,1790.6731964468008,113.4572406196362,15.782802284518866,2851.2701221315137,4031.25,0.0095070521909891,0.3927417218543046,0.39970299817139
785,980.46875,2.7055770729167854,980.46875,219.4322752086097,141.0031469358754,125.35943343059516,1.1247908759410703,485.7948555750802,4234.375,0.0137261826262134,0.4100808510638297,0.3981777491339462
786,945.3125,2.2919347608119507,945.3125,358.60525892424613,314.2166363418246,114.0123589896297,2.7559875010603454,786.8342542557003,4312.5,0.0124051379871484,0.3761007352941176,0.3412530924890132
787,968.75,0.8460422552411102,968.75,4.91344077333849,64.35035011104526,55.11573379698403,1.167549548520509,124.37952468136778,4218.75,0.0263317649620768,0.3494699999999999,0.3677009411632836
788,859.375,1.8701539860673693,859.375,24.04199412895668,276.7796796513459,96.83038200246276,2.858397064304738,397.6520557827653,5031.25,0.0495113960111208,0.3445478873239436,0.3042738721718072
789,898.4375,2.1890753468996484,898.4375,10.648801807719952,15.928415628719376,33.162668183589446,0.4803116426138942,59.73988562002877,4484.375,0.0472816561566151,0.2866359999999999,0.3054394194647864
790,863.28125,1.6882653376290857,863.28125,32.361639354788466,62.988823505285055,137.08142653071468,0.4594993289712497,232.4318893907882,4484.375,0.0461518315566672,0.2651364963503649,0.3001715373491487
791,847.65625,3.225242516746781,847.65625,118.65149581507426,514.8776980014629,162.55345253114515,3.1674362493335084,796.0826463476823,4359.375,0.0282773132552007,0.1358106870229007,0.2916460132049632
792,886.71875,2.214937871015602,886.71875,14.622458176032966,31.029209392455208,56.32061250457676,0.5509387773425528,101.97228007306492,4125.0,0.0728256827425421,0.1197484615384615,0.293696965958893
793,882.8125,2.3046122660134585,882.8125,39.240264362408624,35.95760864327899,116.89994560912788,0.3075930314245699,192.09781861481548,4031.25,0.0621701279102917,0.0919441860465116,0.229267467329965
794,910.15625,1.2137126225928387,910.15625,1.6206485958804773,7.187001702636588,60.28000969649851,0.1192269500091679,69.08765999501557,3937.5,0.0630398168954392,0.0941333333333333,0.2279693081868966
795,925.78125,1.923514375193616,925.78125,26.617015406170925,11.667435779046835,33.94035210274282,0.3437629563690931,72.22480328796058,3875.0,0.0679715766805209,0.0836951612903225,0.0744454319634084
796,925.78125,1.267148796427379,925.78125,24.99135862580704,48.20285247459088,110.87310150856776,0.4347569592509864,184.0673126089657,3843.75,0.0382683466015397,0.0840340080971659,0.1015168550081887
797,945.3125,1.1484293314539045,945.3125,19.03760300175358,49.25002531774507,83.42803930001021,0.5903294112023922,151.71566761950885,3750.0,0.0687781058125076,0.0864849999999999,0.1057446675019057
798,947.265625,2.326238374828732,947.265625,232.5388060913379,154.8847307388989,67.53854242367075,2.293279143741416,454.9620792539075,3718.75,0.078438022718129,0.1121294117647058,0.1116137491168319
799,953.125,2.910127201405749,953.125,154.40414523449627,72.95386980631599,29.94386223679738,2.436354710337417,257.30187727760966,3593.75,0.0617254721949434,0.1013743589743589,0.1406632152510165
800,951.171875,2.109426941449541,951.171875,126.60881136627712,99.740655619643,73.78712942494923,1.351735138593401,300.13659641086934,3437.5,0.0430955788507978,0.1013743589743589,0.149481004755116
801,933.59375,2.118203034939696,933.59375,134.89491074136657,114.30081460950106,51.33894061789034,2.226396050129442,300.534665968758,3437.5,0.0285714782788732,0.1081725321888412,0.1406801734271491
802,945.3125,2.0534772215041177,945.3125,117.81110328054612,106.22390631396895,44.8406770557332,2.368918430512134,268.87568665024827,3468.75,0.0285931573502144,0.138376,0.2063301761390102
803,923.828125,1.9136293231218493,923.828125,47.43079599314272,85.26206028099253,52.57023799019818,1.6218693987440156,185.2630942643334,3515.625,0.0414063679305637,0.1482599999999999,0.2129081453194492
804,914.0625,3.548863868997484,914.0625,785.9753138759353,2961.3515906076027,413.25222644106486,7.165966451314279,4160.579130924602,3625.0,0.0388687279318023,0.154297737556561,0.1985751661517739
805,960.9375,4.114989006784979,960.9375,136.87629968596426,94.15451815133198,18.932784989841743,4.973093932131483,249.963602827138,3593.75,0.0449326507988555,0.1482599999999999,0.195040678287178
806,964.84375,1.7580128246422906,964.84375,18.209812421011183,29.758608050048192,61.125448846625886,0.4868448185095145,109.09386931768526,3500.0,0.0419639740116249,0.1300526315789473,0.1411694157712056
807,929.6875,1.9546298042539263,929.6875,77.18190787087428,198.3373859259493,89.20109129716175,2.2234860923978417,364.7203850939853,3437.5,0.0297290930077086,0.1547060869565217,0.1317493289395613
808,933.59375,2.643620069628406,933.59375,171.16388190657645,257.35640341994514,323.20861692779874,0.7962547715039284,751.7289022543204,3484.375,0.0340671720425512,0.1560631578947368,0.1381610532945035
809,951.171875,3.53576264208215,951.171875,551.7624098587901,661.7811716036836,135.8341078462068,4.871980845583799,1349.3776893086804,3578.125,0.0324727528752175,0.1482599999999999,0.2224540112343109
810,925.78125,3.814558179315567,925.78125,1138.990493521843,897.5397242502434,217.78875055676696,4.12114823174165,2254.3189683288533,3593.75,0.034792525595143,0.1482599999999999,0.2253208009671425
811,855.46875,2.3631334004164235,855.46875,54.98058410003049,22.64923407157347,19.04285743395292,1.189382116109869,96.67267560555688,3437.5,0.0794434048860584,0.1274633484162896,0.2473084891033461
812,861.328125,3.3946201784820453,861.328125,777.9588372401663,1032.3569642936438,191.14739864061272,5.400842342796607,2001.4632001744228,3359.375,0.0974283742739041,0.1347818181818181,0.2535065479176656
813,865.234375,4.008880184416417,865.234375,120.89440673547593,247.19078510508865,19.09225333135204,12.947177099267178,387.1774451719166,3312.5,0.099020247111659,0.1224165137614679,0.2119359506421138
814,880.859375,3.7327713731709338,880.859375,509.2974255997272,234.86162148466252,46.19507675832851,5.084126663829374,790.3541238427183,3343.75,0.0973864725711599,0.1224165137614679,0.173884732916951
815,929.6875,1.3761649840189312,929.6875,24.031927146422937,29.14132124733344,93.92785391657578,0.3102521779451704,147.10110231033218,3312.5,0.0497726060102641,0.0960944444444444,0.1645380607432446
816,882.8125,2.93253054384602,882.8125,633.4028987381263,1108.1583400691352,229.0552832142039,4.837951452238834,1970.6165220214648,3421.875,0.0406077402263592,0.0680091743119266,0.1552513416439683
817,929.6875,3.543646700020865,929.6875,695.979156152258,1384.818127398421,83.8185535322145,16.521618055198072,2164.615837082893,3437.5,0.0486371196703826,0.0823666666666666,0.1454590962400714
818,955.078125,1.868683099617708,955.078125,109.47451323733016,115.17125569367224,103.89059549443618,1.1085821112637686,328.5363644254386,3437.5,0.0493747560665549,0.0960944444444444,0.1445734366554058
819,929.6875,2.9022245130814546,929.6875,378.492540485305,493.7691659540305,204.42450348335385,2.415410860930563,1076.6862099226894,3406.25,0.0349755239679018,0.0823666666666666,0.1094139712703457
820,957.03125,2.232509645447841,957.03125,82.8146053901698,42.2515120394572,76.10568809817667,0.5551689117500989,201.17180552780368,3343.75,0.0472895311067513,0.0884119266055045,0.1646489229489796
821,957.03125,1.2389914572342788,957.03125,24.49705102717839,54.79471901822107,151.61027131747417,0.3614182505054695,230.90204136287363,3375.0,0.0402804602014265,0.1020137614678899,0.170190128692555
822,828.125,6.264147924902479,828.125,388.4224981404264,231.28639669189545,10.016013864339648,23.091660996531985,629.7249086966616,3375.0,0.0458550579078717,0.0952128440366972,0.1720399647702483
823,828.125,4.329110424159459,828.125,808.4893654477019,518.0305096870918,79.86658023157327,6.486198710212227,1406.386455366367,3375.0,0.0504342417761911,0.0952128440366972,0.2293763965196699
824,931.640625,2.2985694075937504,931.640625,122.78081179314248,125.92099349444936,90.00057792195844,1.3991131657358726,338.70238320955025,3437.5,0.0229559260150513,0.0952128440366972,0.2106921805785788
825,970.703125,3.0456943786473545,970.703125,531.4129938977884,314.69697738231883,78.44374644639436,4.011753538535688,924.5537177265016,3468.75,0.0273229410325339,0.1088146788990825,0.1650262951278513
826,937.5,2.0553733211359453,937.5,1611.5582219487055,4757.781364091793,6444.1205785693655,0.73831352254865,12813.460164609864,3500.0,0.0439582216877017,0.1191375,0.1944899441819276
827,960.9375,2.505124820084611,960.9375,115.7467618204798,139.67367089173757,98.97311325604466,1.4112284265566153,354.393545968262,3515.625,0.0602091736904098,0.1180831858407079,0.2358211136045344
828,941.40625,2.371795580894606,941.40625,115.09476836469388,55.101830689595474,90.78743272365216,0.6069323587695217,260.98403177794154,3562.5,0.0707492053514761,0.1540363636363636,0.2639043787042169
829,775.390625,7.411596859272089,775.390625,466.3056225063863,1665.6819249435089,30.71924285739456,54.22275323242726,2162.7067903072893,3687.5,0.067668957231988,0.1774051282051282,0.2813193773053014
830,931.640625,3.6486349749255336,931.640625,77.16817566841048,47.79497329924293,27.77090161527425,1.7210450694533896,152.7340505829277,4187.5,0.0646963092583887,0.2134944,0.3215605559463391
831,863.28125,2.917957133440198,863.28125,22.74927833812415,147.70902541322718,19.49760097069064,7.575753839421974,189.955904722042,4625.0,0.0409285485270703,0.1401730909090909,0.237968161750816
832,925.78125,2.594885015922005,925.78125,77.88602898453449,98.64923527621592,50.05233992893537,1.970921547649496,226.58760418968572,4531.25,0.0424785200202754,0.1557804347826086,0.2427338444215669
833,953.125,1.7245494503328678,953.125,21.817491036871747,25.803940083763244,65.60104238057806,0.3933464949240318,113.22247350121306,4312.5,0.0502333841777996,0.13767,0.1669094310473627
834,949.21875,4.296800238718638,949.21875,8070.386305654378,31480.35781098232,3787.338861592956,8.311999258957693,43338.08297822966,4187.5,0.0459140187357087,0.1217059701492537,0.15692218759139
835,957.03125,1.4476080261849862,957.03125,28.285857451659663,24.399086003931902,66.11275016526903,0.3690526553945938,118.7976936208606,4125.0,0.0323792840004887,0.1062996226415094,0.1574858148213742
836,941.40625,2.537098772960594,941.40625,179.81193480352556,174.35511556416813,102.8638049006326,1.6950093935626511,457.0308552683263,4000.0,0.0561858838532739,0.0905404580152671,0.1440149897104099
837,988.28125,1.7815507971466444,988.28125,10.378577970295629,15.413271916937926,29.93717673699396,0.5148538906105813,55.72902662422752,4000.0,0.0450834147418948,0.0980708171206225,0.1369027054870186
838,960.9375,1.6081814440580051,960.9375,93.08474864236156,97.26631518412802,122.14704849197425,0.7963050796967802,312.4981123184638,3953.125,0.0630325582818102,0.0810796875,0.1836878398332334
839,982.421875,1.5017919420677663,982.421875,42.68921945413318,69.4164283793494,66.62996150886579,1.041820028218279,178.73560934234837,4000.0,0.0727476439685779,0.069496875,0.18840597833043
840,960.9375,1.937586857568892,960.9375,85.06890751179955,77.03532938435937,69.42414484098381,1.1096331047477646,231.52838173714272,3968.75,0.0525264796040145,0.0755835294117647,0.1877849240076592
841,1001.953125,0.9822994862575026,1001.953125,6.41073257478325,7.704649214541851,87.69119432956799,0.0878611504090778,101.80657611889308,4078.125,0.0284302554737793,0.0984539062499999,0.1907563866578634
842,964.84375,1.375575249249137,964.84375,52.82644793319322,40.819400030709616,97.88594718105954,0.4170098079063996,191.5317951449624,3968.75,0.034257617938009,0.1167401574803149,0.1008851512023583
843,992.1875,1.4206599990938846,992.1875,32.555439653298265,31.267654064007395,48.077086356575904,0.650364995750843,111.90018007388156,4046.875,0.0405965078723201,0.12355,0.1096212429048127
844,1000.0,1.104487931249766,1000.0,22.25538612703961,60.50798986555815,249.7490231138027,0.2422751813446997,332.5123991064005,4031.25,0.0473027284625426,0.118608,0.1462124610870585
845,978.515625,1.212862257957024,978.515625,17.3596208325149,25.222644539688574,71.46985367042574,0.3529130569652435,114.05211904262922,3906.25,0.0421737489227336,0.1067472,0.1455120330998084
846,980.46875,1.0991996355870777,980.46875,9.369958644045534,21.271352527751787,102.43296288232776,0.2076612052331996,133.07427405412508,3906.25,0.0353891557278288,0.118608,0.1478700774141862
847,972.65625,1.4172067274321976,972.65625,25.36615917212829,52.91273410736157,112.76310159497557,0.4692380163274902,191.04199487446544,3843.75,0.0534462856612509,0.1059,0.1480362509565784
848,992.1875,1.8857984364293363,992.1875,18.48311843462094,17.256118479282414,29.96291556013029,0.575915866553521,65.70215247403365,3859.375,0.0486571173577983,0.1050661417322834,0.1383308221560803
849,984.375,1.3646111751310734,984.375,51.911893161380505,94.5433171196885,191.62479284832511,0.4933772697905612,338.08000312939413,3921.875,0.045814410787915,0.1167401574803149,0.150311541047651
850,996.09375,1.7780548767571545,996.09375,32.28593158187806,37.17484272809142,52.14310152036611,0.7129388479811012,121.6038758303356,3968.75,0.0428623539005682,0.1167401574803149,0.2891916632048369
851,982.421875,1.0903210536351209,982.421875,4.520120722979266,10.050850867041785,58.39621585055244,0.1721147632710297,72.96718744057348,3984.375,0.0454374748096935,0.1167401574803149,0.2881169016026078
852,914.0625,5.346246994152246,914.0625,298.4604522834732,249.03262443118828,20.494315847116845,12.15130216050722,567.9873925617783,4218.75,0.0368256911102193,0.1527870229007633,0.30216648996301
853,976.5625,3.618093765899817,976.5625,100.67842871479738,122.10133164295635,44.8917701480588,2.719904589198656,267.67153050581254,4125.0,0.0253856229407911,0.1226210526315789,0.3029517104460813
854,976.5625,1.400654536766913,976.5625,15.68270983886952,14.810299627328671,34.962578240556134,0.4236043327648222,65.45558770675433,4187.5,0.0383989081319309,0.1537511111111111,0.2549098380671995
855,972.65625,1.0323882234276591,972.65625,10.571494203864097,13.092795850472903,82.70701991647896,0.1583033201256019,106.37130997081596,4203.125,0.0666641584482049,0.1623284671532846,0.2158911062391858
856,972.65625,1.5000614815461284,972.65625,69.27257108573095,200.1105446104476,148.26668765664988,1.3496662518950695,417.6498033528284,4156.25,0.0650890094804469,0.1417191176470588,0.1958454657007205
857,964.84375,0.94905214056676,964.84375,2.274390460610328,3.582289453799381,41.933081919896914,0.085428718562649,47.789761834306624,4328.125,0.0598532098883004,0.1605703971119133,0.2684294518124916
858,960.9375,1.266425625852026,960.9375,3.075588855094121,11.739917081883071,37.7675508303893,0.3108466613206133,52.583056767366486,4375.0,0.0496835489217325,0.1417191176470588,0.2541178286225889
859,945.3125,3.09044844361354,945.3125,284.96694769920435,86.18144825632707,161.33301789054298,0.5341835749629206,532.4814138460745,4562.5,0.0484149558988755,0.1466307692307692,0.3054250168613852
860,958.984375,1.1746730518468889,958.984375,2.3028990990133926,28.29220592127285,73.32931742573143,0.3858239366529961,103.92442244601769,4562.5,0.0476853933103352,0.1249076923076922,0.3247238855579488
861,968.75,4.602940719555657,968.75,65.84308412671302,32.524606500405085,15.25472497404104,2.132100483997725,113.62241560115916,4250.0,0.0556542408721435,0.1327701492537313,0.3425647867283102
862,992.1875,1.5952321646770804,992.1875,51.33204162682557,40.92651247688807,29.799160551249944,1.3734115901184802,122.05771465496358,4156.25,0.0578764267766383,0.1003263157894736,0.2984686150744682
863,972.65625,1.0760017448946229,972.65625,4.692581907647653,12.267093653841892,77.63930974899536,0.1580010653559503,94.5989853104849,4125.0,0.0568514935000475,0.1003263157894736,0.1730282672533821
864,972.65625,0.9400481752011384,972.65625,0.8224653506048796,11.86070071625654,121.69645579966718,0.097461348716525,134.3796218665286,4062.5,0.0520141063981417,0.0679053435114503,0.1133971018987182
865,988.28125,0.9526838357357652,988.28125,0.7209623581133575,6.385292320750969,68.17964892449145,0.0936539337100817,75.28590360335578,4062.5,0.0533824289820562,0.0679053435114503,0.0917284714607943
866,972.65625,1.385015021083789,972.65625,12.563245639448912,12.190537566874196,134.69913166612784,0.0905019758931355,159.45291487245095,4062.5,0.0378088684914217,0.0565877862595419,0.0734830107672935
867,976.5625,0.9222999915813984,976.5625,0.6398329781602774,17.536606795303562,113.24469172301016,0.1548558835605033,131.421131496474,4062.5,0.0642096808207792,0.0509290076335877,0.0817506441211185
868,988.28125,1.0119374885278976,988.28125,0.5096610921960614,14.4179069226421,127.59158207149486,0.1130004557398085,142.519150086333,4093.75,0.0639759794443636,0.0570230769230769,0.0877680861547516
869,988.28125,1.2657054125280671,988.28125,28.22871902795204,61.52567317573809,93.39261204895897,0.6587852275026278,183.14700425264908,4093.75,0.073797192472496,0.0570230769230769,0.0934085351246731
870,1000.0,1.6519022794696825,1000.0,47.97140116239513,26.23901719594268,65.52450006832595,0.4004458968566236,139.73491842666374,4078.125,0.0787894628803851,0.0629675675675675,0.1316502689544291
871,996.09375,1.1203484143128373,996.09375,9.467439495946447,27.544275185264496,45.68638813394779,0.6028989445282371,82.69810281515873,4046.875,0.0411856594291355,0.0817181102362204,0.1344298402010443
872,972.65625,1.3085758259625482,972.65625,3.912246223448421,199.5892659465672,144.8795122990654,1.3776224310761618,348.38102446908096,3906.25,0.0998536066232849,0.0948864,0.1392648297954725
873,986.328125,1.0927888817796867,986.328125,4.0993038999778655,31.93356022117669,63.87344482562278,0.4999504928590695,99.90630894677732,3859.375,0.0958085360325459,0.0948864,0.1354991416925194
874,984.375,0.9352105413006512,984.375,14.474066294270576,15.776606362900209,73.80557292096978,0.2137590122062141,104.05624557814056,3859.375,0.1003126147124367,0.0830255999999999,0.0881462322996096
875,984.375,0.982032584242249,984.375,4.430110781422052,18.097977607884047,151.51836593486627,0.1194441181847479,174.04645432417237,3890.625,0.1021071975024869,0.0717387096774193,0.0878490051086171
876,992.1875,1.4487565362782082,992.1875,156.46353986950365,1498.932832290909,870.124558874099,1.722664665654833,2525.5209310345112,3875.0,0.0080047311973583,0.0717387096774193,0.0804320608501959
877,978.515625,1.585139067238241,978.515625,14.11247849761214,15.89786132216195,54.50329107428689,0.2916862635045925,84.51363089406098,3890.625,0.0678657095441886,0.0717387096774193,0.0667777186734252
878,976.5625,1.0356334194834134,976.5625,9.9606558434509,8.917316319685032,189.5893542701022,0.0470349000027754,208.46732643323813,3890.625,0.0739570642024465,0.0660267206477732,0.0643393787438655
879,964.84375,1.3249512112881627,964.84375,16.89885145026519,37.1895298645113,145.2217189727731,0.2560879331794976,199.3101002875496,3796.875,0.07154009953292,0.0726171428571428,0.0683684347853054
880,964.84375,1.2882555649404934,964.84375,31.869998017684487,52.28770821761624,141.88360431985882,0.3685253730920181,226.04131055515955,3843.75,0.0321507571493306,0.0735173553719008,0.0675025776836198
881,968.75,1.3159648800259551,968.75,49.7299506134416,63.00717428293471,178.47657470213244,0.3530276978258362,291.21369959850875,3687.5,0.0182223046543553,0.0735173553719008,0.0687745466841108
882,964.84375,1.5658550546592054,964.84375,41.961670491176704,56.59924254720758,73.54928922674446,0.7695416657626462,172.11020226512875,3687.5,0.0084820658445098,0.0735173553719008,0.0683464218154547
883,957.03125,1.1455168488205123,957.03125,8.622675134523345,60.31736323712207,100.95863220304332,0.5974463195560592,169.89867057468874,3750.0,0.0782747873023897,0.07413,0.0700452487177259
884,945.3125,2.037283075522609,945.3125,112.63402592065717,177.22595134294258,69.22332759654304,2.560205605484257,359.0833048601428,3750.0,0.0705193234334224,0.0980231404958677,0.1132664224421527
885,941.40625,1.4544664179607618,941.40625,13.53968886700362,30.440233108844403,78.05543904505566,0.3899822162459876,122.03536102090368,3765.625,0.0698517328742769,0.1154483606557377,0.261210815261581
886,929.6875,2.203778701388627,929.6875,254.9257564710596,570.2312851823388,122.67376421928869,4.648355651360033,947.830805872687,3843.75,0.08346582580079,0.1446439024390244,0.3286433606832656
887,921.875,3.633498539330106,921.875,187.4497398473121,182.15904600292683,86.08125170515059,2.116129150013597,455.6900375553896,4718.75,0.0358958863280162,0.2597255474452555,0.3416158410485118
888,863.28125,3.7159577179763215,863.28125,170.7819378380697,838.9129739253458,125.91040533176653,6.662777168533922,1135.605317095182,5140.625,0.0444780088497466,0.3199856115107913,0.3126399718201257
889,859.375,2.533763359932609,859.375,6.313165040819664,27.70506431452448,10.166762715073082,2.7250625485189484,44.18499207041722,4281.25,0.0568763956042171,0.1737421875,0.300141474041312
890,871.09375,2.4463292713525897,871.09375,253.82281244958384,426.12691854371405,248.34767818194828,1.7158482078963444,928.297409175246,4031.25,0.0574935264910943,0.1563679687499999,0.281999141007382
891,943.359375,3.948016071426673,943.359375,73.40670575511585,60.49734396918463,17.977140309448092,3.365237347421133,151.88119003374857,3843.75,0.0740613089071744,0.1429012048192771,0.2225518850491403
892,953.125,1.5420054456740642,953.125,30.581206255696458,57.43779948970962,27.21316314777025,2.110662372390028,115.23216889317632,3843.75,0.0555917826102226,0.1412,0.1385206514272419
893,957.03125,2.427182308286626,957.03125,41.038298554908216,28.43249718021587,13.35392860749752,2.129148508720688,82.82472434262161,3781.25,0.0539799978512043,0.1059,0.0950726642946167
894,968.75,1.7943098446842898,968.75,16.316623288953483,23.234864141329982,16.247796388714065,1.4300317154066031,55.79928381899754,3781.25,0.0565524289414979,0.0896733870967742,0.089338480712845
895,962.890625,1.997861373669218,962.890625,50.79481522678879,44.222566793554506,17.10426333104285,2.585470413875945,112.12164535138616,3890.625,0.0802803543350059,0.0717387096774193,0.1017648396609669
896,976.5625,2.858932743562188,976.5625,84.71211065785258,54.88296878266562,27.06898356600601,2.027522335622132,166.6640630065242,3906.25,0.0867050338242048,0.0717387096774193,0.0938640720695634
897,976.5625,1.474352621028974,976.5625,7.518806250155247,21.15618600356564,13.51955477475269,1.56485818919674,42.19454702847357,3890.625,0.0774748812439695,0.0836951612903225,0.0854665630660038
898,976.5625,1.0620663608599232,976.5625,2.3343124709762426,2.839800065347161,26.45207135130949,0.1073564344973906,31.62618388763289,3968.75,0.0614946123470856,0.059304,0.0758788233377748
899,976.5625,1.4590909820336002,976.5625,11.849518265686562,13.911882746563665,46.99507604112026,0.2960285186982332,72.75647705337049,3906.25,0.0758318071877365,0.059304,0.0757831322289091
900,980.46875,3.6517028682905424,980.46875,105.12697901045496,100.595969678322,18.3901032713168,5.4701144520065,224.11305196009377,3906.25,0.00506077343439,0.0583700787401574,0.0611675844536628
901,976.5625,1.217162617525493,976.5625,6.312419192225334,30.176011167114208,27.41089849672581,1.1008763966901225,63.89932885606535,3906.25,0.0305654987880322,0.0700440944881889,0.0669601774663315
902,980.46875,1.7024297414731049,980.46875,9.410120164408257,10.057246996517408,53.33656488062026,0.1885619559307556,72.80393204154592,3937.5,0.0317358726192727,0.0588333333333333,0.0595644645393649
903,976.5625,1.6974283103886056,976.5625,25.31716298500234,20.70070929205656,24.466092905202643,0.8460978780823079,70.48396518226154,4000.0,0.0732086109647119,0.0588333333333333,0.0715503253954472
904,984.375,1.2622676198311853,984.375,6.4930281250326605,14.729814547210133,26.902452576800407,0.547526828833165,48.1252952490432,3968.75,0.0678541087252763,0.0588333333333333,0.0699481228617527
905,984.375,1.4946521291639692,984.375,7.053425299832758,6.181692570824595,32.50309005271789,0.1901878424727708,45.73820792337524,4000.0,0.0679134476410304,0.0588333333333333,0.0708463937885294
906,984.375,1.6485369015570328,984.375,210.3447521826731,415.7247916279182,224.7761026599904,1.84950618285596,850.8456464705816,3937.5,0.0731023779279372,0.0588333333333333,0.0677625298634238
907,988.28125,2.121455836766301,988.28125,249.461566456802,311.558025467482,59.60203289144702,5.227305351059444,620.621624815731,3906.25,0.0269549744775785,0.0644608695652173,0.0640711408788089
908,984.375,0.985200567450356,984.375,3.2022600782656627,3.944688950415747,29.46912150839472,0.1338583828938383,36.61607053707613,3890.625,0.047367175896913,0.0588333333333333,0.0534395246674125
909,976.5625,2.271030014574103,976.5625,57.96554467437378,41.61482494956413,46.13332556810762,0.9020556059442812,145.71369519204552,3937.5,0.0204767574141898,0.0588333333333333,0.0595907970647181
910,968.75,1.1535386170372317,968.75,5.686462668205812,11.297528284601071,28.857321574363688,0.3914960803097397,45.84131252717057,3937.5,0.0237493879605377,0.0588333333333333,0.0734270316551177
911,980.46875,1.7646556668673457,980.46875,31.908477725211057,27.75037530169064,21.608192537974336,1.284252500662515,81.26704556487603,3968.75,0.0293124532037143,0.0470666666666666,0.0693417839754813
912,980.46875,1.3453090142549256,980.46875,16.23892080066674,21.08285146727647,24.35097558219601,0.8657908343799992,61.67274785013922,3937.5,0.0397602217142659,0.0583700787401574,0.0719146041449194
913,980.46875,1.8165341543753644,980.46875,4.316718944849479,2.88095468237893,22.34371819129216,0.1289380154956349,29.541391818520573,3937.5,0.0326515601345443,0.0581411764705882,0.0675787687801281
914,980.46875,1.4240358388871537,980.46875,16.527021295967,20.709170843397125,28.39487377979861,0.7293278006444444,65.63106591916274,4046.875,0.029667969848782,0.0700440944881889,0.0606617554917157
915,976.5625,1.3291491093348635,976.5625,12.249174330961216,18.5416166746172,38.53944601636927,0.481107503899818,69.33023702194768,3984.375,0.036078713917769,0.0689581395348837,0.0774310373391701
916,978.515625,1.3178515293724504,978.515625,2.945793577418212,2.910720162354999,20.82621362430089,0.1397623310153051,26.682727364074104,3968.75,0.074579583323782,0.0684276923076923,0.0977241567861527
917,988.28125,1.9907584853967213,988.28125,807.4289800138698,8411.199917438056,8581.495481281065,0.9801554910546214,17800.12437873299,4125.0,0.0706777600151974,0.0684276923076923,0.0946660229958229
918,984.375,1.1069222714040063,984.375,0.0680577850006421,6.841394045534047,31.411483721333667,0.2177991369725586,38.32093555186836,4109.375,0.0742008451910997,0.0684276923076923,0.1007638722534778
919,978.515625,1.7304183830040416,978.515625,29.858435279129672,47.2443700648161,23.564540876080425,2.0048924489240645,100.6673462200262,4062.5,0.0769123462048176,0.0684276923076923,0.0882174998095119
920,976.5625,1.4896640377647,976.5625,7.664024731207558,5.560120895755555,30.959807959121235,0.1795915821925328,44.18395358608435,4093.75,0.0135695827065857,0.0684276923076923,0.0804800552990317
921,976.5625,1.2173196201793135,976.5625,9.138343132488416,12.331726044923451,18.07019515690812,0.6824345801383953,39.54026433431999,4062.5,0.0408008582516246,0.069496875,0.0606590778678189
922,976.5625,1.0896341635508016,976.5625,0.8756767012153389,10.737993795217951,36.63882400765719,0.2930769228011741,48.252494504090485,4000.0,0.0312811709067568,0.0700440944881889,0.0618728353954622
923,968.75,0.9460694975714864,968.75,2.521950646207103,3.41434194541233,15.875027215854702,0.2150762892552624,21.81131980747413,3968.75,0.0280564436713351,0.0810796875,0.0628686078628779
924,972.65625,1.4602922123572035,972.65625,208.2599135952719,925.1075033549448,777.8385070596634,1.1893310693140902,1911.20592400988,3968.75,0.0309412710915684,0.0810796875,0.0617433943194707
925,970.703125,1.677147661365128,970.703125,31.88220438964463,21.7559424763906,27.13026953590979,0.8019066101644989,80.76841640194502,3937.5,0.0499537881958841,0.0700440944881889,0.073462012374359
926,968.75,2.0280286932581024,968.75,32.50352007687528,30.7081237172732,23.1090858963101,1.3288333365958218,86.32072969045856,4000.0,0.0563445680675366,0.0700440944881889,0.0777280558743021
927,957.03125,0.7920210333862474,957.03125,9.00765722293228,14.900245779620285,27.200456452576468,0.5477939609432146,51.10835945512903,3937.5,0.0738679574676633,0.0583700787401574,0.0691440454365167
928,957.03125,2.070071999133796,957.03125,4.954650666143432,10.823664119444432,4.265641202210352,2.5374061263839702,20.043955987798213,3984.375,0.0833588337696248,0.0700440944881889,0.0650544608489259
929,968.75,1.8900874253616344,968.75,25.807552267505777,5.670053935938208,7.8950550340462335,0.7181778862195332,39.37266123749022,3968.75,0.0783255876173929,0.0700440944881889,0.0594569759837301
930,957.03125,1.4438308918795288,957.03125,8.810949021279324,14.61645155793158,33.09390208371833,0.4416660060501792,56.52130266292924,3968.75,0.0768433632013327,0.0700440944881889,0.1122238056356164
931,960.9375,1.3994878020216717,960.9375,3.287442499355944,26.66959810813365,32.01122381723698,0.8331327243344241,61.96826442472657,3968.75,0.083108261778135,0.0470666666666666,0.1303865908842469
932,957.03125,1.0565749489241032,957.03125,46.32820072783465,83.42429580727108,110.35525133599192,0.7559612686964412,240.10774787109764,3968.75,0.0895487517726224,0.0470666666666666,0.1330589189544334
933,943.359375,2.298481861560915,943.359375,50.41908379842682,13.374302073814082,13.241996055046702,1.0099913954223658,77.0353819272876,3937.5,0.08892629522495,0.0470666666666666,0.1365284015474232
934,945.3125,1.37661280712468,945.3125,35.39413642484617,466.4044960184892,364.6864170035424,1.278919296887218,866.4850494468778,3937.5,0.0139896052398074,0.0410205533596837,0.142502510361564
935,953.125,1.574807796115108,953.125,1.2554936911825925,9.927405354667052,31.212425106574344,0.318059404893086,42.39532415242399,3921.875,0.0270327412713017,0.0588333333333333,0.0703531726333086
936,937.5,1.7416308076674305,937.5,23.03031511051218,25.31319746003755,29.90418619888161,0.8464767204059288,78.24769876943135,3937.5,0.0191339467520384,0.0706,0.0689897180091207
937,937.5,1.1811070098369896,937.5,3.52325351486719,15.886461433571483,11.026725401154168,1.4407234111324336,30.43644034959284,3937.5,0.0225672849363284,0.0706,0.0886707868701568
938,929.6875,1.085372854076029,929.6875,10.32984181084614,17.159395484992807,23.928757015912545,0.7171035032693869,51.41799431175149,3953.125,0.0241102802482278,0.059304,0.0907671226105028
939,929.6875,2.002429686742995,929.6875,32.101707333068006,12.849363335739262,21.9713192042442,0.5848243893000813,66.92238987305147,3937.5,0.0414611503197483,0.0706,0.0890098457441685
940,937.5,1.8916074087735533,937.5,16.095870231120838,21.62292481392948,27.67770450432365,0.7812398174332583,65.39649954937397,3890.625,0.0456172122171755,0.0647166666666666,0.0944413979812039
941,925.78125,1.052748567303885,925.78125,6.616356580914302,17.61277524862123,41.93786028536337,0.4199731490537732,66.1669921148989,3781.25,0.0571819034892264,0.085067213114754,0.090517927612324
942,917.96875,1.5220365724381195,917.96875,16.373499413268327,40.74810873871447,17.010928677347472,2.395407653021114,74.13253682933026,3781.25,0.0486272790961071,0.0735173553719008,0.069821105988414
943,929.6875,1.1077872270082283,929.6875,0.8811416146160989,13.45746080239998,18.99139320109272,0.7086084027592918,33.3299956181088,3750.0,0.0420266125533875,0.0735173553719008,0.063020124765159
944,929.6875,1.6240430544905629,929.6875,16.830589252092008,28.47183555216803,21.469704389949413,1.3261400825572855,66.77212919420946,3750.0,0.048419109033813,0.061775,0.0575609773716141
945,921.875,1.3120634154164064,921.875,12.38083332786717,38.44914057777263,20.8070694868134,1.8478883151776853,71.6370433924532,3750.0,0.0369787314789786,0.04942,0.0523630304445408
946,925.78125,2.0,925.78125,19.298299730594056,13.576307933174595,29.58683834555351,0.4588630854913541,62.46144600932216,3750.0,0.0283429186990478,0.04942,0.061968917930905
947,921.875,1.1210378521754736,921.875,5.134965725912666,14.267624517079422,10.871367390504188,1.312403859108079,30.27395763349628,3734.375,0.0258560543188989,0.04942,0.062122834897835
948,921.875,1.1183496880423789,921.875,5.230608473155844,7.822636746242757,24.99859724430206,0.3129230280321338,38.051842463700666,3781.25,0.0305258986670273,0.04942,0.0762828676571425
949,921.875,1.6437589790804186,921.875,22.34034683729876,27.339037306624256,18.974294682076334,1.440846037478774,68.65367882599935,3750.0,0.0258862404302345,0.050257627118644,0.0847956441536982
950,917.96875,1.3812864781175371,917.96875,10.22294757899469,10.670170431797644,15.408575295289127,0.6924826096712421,36.30169330608146,3687.5,0.0262986331054543,0.0688126582278481,0.0887875173782654
951,910.15625,2.940022875948915,910.15625,56.3286059729275,56.15951709809252,10.856524630757766,5.1728816548701255,123.34464770177776,3656.25,0.0408712719858071,0.0753864406779661,0.0795158620388528
952,910.15625,1.4340215928758508,910.15625,92.38047348741836,286.1423834171884,405.3243902231159,0.7059589561330808,783.8472471277228,3625.0,0.0418697989180531,0.0887025641025641,0.0787213422388325
953,914.0625,1.5299747507603003,914.0625,7.537026294822096,10.780548019121223,23.126692309743746,0.466151746853101,41.44426662368706,3625.0,0.0570300364825707,0.0753864406779661,0.0729494943299079
954,910.15625,2.312119363479387,910.15625,46.23901403822006,30.80445965848245,10.948688692209815,2.813529594681084,87.99216238891233,3625.0,0.0636111637696758,0.0887025641025641,0.0647489103545295
955,906.25,1.501069551001892,906.25,1.1050875838480576,2.780447104535792,10.378787128276432,0.2678971126559304,14.26432181666028,3687.5,0.0435483499116046,0.0887025641025641,0.0670064003507489
956,902.34375,2.2543226686556985,902.34375,11.535166068242656,19.82132517238041,7.969675981559495,2.48709297821438,39.32616722218256,3703.125,0.0443732853974951,0.0879508474576271,0.123667688807902
957,898.4375,1.7200269700226811,898.4375,8.908728526179965,19.185656713760896,10.780257993081308,1.7797029278959848,38.87464323302217,3687.5,0.0336272339164007,0.1000911392405063,0.1338051029228356
958,898.4375,1.3826254540872662,898.4375,3.5709964015041,15.59510563491917,25.781971730374902,0.6048841336888858,44.948073766798174,3750.0,0.0349564746627012,0.085067213114754,0.1593735293549481
959,900.390625,1.4528332999175395,900.390625,14.722177249138328,47.23871245397101,11.644227768832234,4.056835145428321,73.60511747194157,3843.75,0.0384653631183095,0.1032959016393442,0.3217862059965359
960,908.203125,2.1895750005714745,908.203125,4.445688471992246,28.631271824099493,15.904976296019935,1.800145519944232,48.98193659211168,3843.75,0.0453561582436478,0.1140461538461538,0.3133093852072351
961,775.390625,5.891538695922243,775.390625,656.3020873694372,1035.8333072602704,16.734400282551974,61.89844211747917,1708.8697949122595,3953.125,0.0559188141622389,0.1423296,0.3218509006725378
962,904.296875,2.4553803684201743,904.296875,184.81043764797664,170.8483906672834,20.43342722473862,8.361220503452223,376.0922555399987,4125.0,0.0456747483645805,0.1315209677419354,0.3183720724525846
963,902.34375,5.824201489265207,902.34375,331.34896511550835,160.65159510044873,32.09371643964748,5.005702452770015,524.0942766556045,4156.25,0.0468651591981104,0.1517622047244094,0.3143436712255294
964,722.65625,4.017404555816849,722.65625,190.9739943361372,364.3407991847498,59.22674980687333,6.15162574972952,614.5415433277603,3875.0,0.0501121489578326,0.1995807692307692,0.2553175464891248
965,906.25,4.179205127421319,906.25,138.90567297082185,85.5122797601446,51.35926014546982,1.6649827025922854,275.77721287643624,4031.25,0.0214183115583253,0.2070045283018868,0.3147949466757787
966,921.875,1.4801760801689792,921.875,4.637477459305502,13.794903606738767,13.39364376077381,1.029958975550786,31.82602482681808,4078.125,0.0265599524226377,0.1723953488372093,0.310785449482594
967,882.8125,2.794193765924708,882.8125,127.32034940832924,197.1952383812126,23.244251938321312,8.483613019875653,347.75983972786315,4187.5,0.0446837787915279,0.1274109375,0.2880678419887732
968,925.78125,2.3213942158583065,925.78125,26.6938448933618,38.60128542809655,45.77376369220492,0.8433059096398966,111.06889401366328,3984.375,0.0277279770796199,0.1067472,0.1910471291351906
969,953.125,2.693588781784527,953.125,34.11825637033208,25.71113318608124,21.90026681356356,1.1740100431177156,81.72965636997688,4000.0,0.0336207331891614,0.1195645161290322,0.1423950303695781
970,953.125,2.3555676353606074,953.125,44.78996069881343,454.00843959113325,61.10371727142787,7.430127983448036,559.9021175613746,3843.75,0.0381786703959781,0.0956516129032258,0.1028160166001156
971,957.03125,2.204459461375301,957.03125,144.79984124516793,517.9105113634835,228.69237508581995,2.264660162671057,891.4027276944714,3781.25,0.0288131139723534,0.0964292682926829,0.1898341351100877
972,960.9375,1.487438211988592,960.9375,18.83814068373369,25.48843306592284,29.41424858526149,0.8665335438381468,73.74082233491802,3812.5,0.0227342125247628,0.1032959016393442,0.1812492888091679
973,943.359375,2.6324192237577324,943.359375,65.50070906966897,199.5221117399972,75.42938853375784,2.6451508572246025,340.452209343424,3812.5,0.0259642034311329,0.0972196721311475,0.2196765536878042
974,976.5625,2.373278600500555,976.5625,28.8952189082354,35.19135700372762,68.94083648737053,0.5104573544037926,133.02741239933357,3812.5,0.0291741115332558,0.0980231404958677,0.2209666601040469
975,980.46875,1.0148795146261065,980.46875,0.8151338115199676,7.3080953976503,50.56274429897048,0.1445351809711622,58.68597350814075,3781.25,0.0308103481812898,0.0996705882352941,0.1612817733589446
976,976.5625,1.8808063337080585,976.5625,151.34121321717177,558.3310716360648,162.75330467885144,3.4305360050155453,872.4255895320881,3781.25,0.0391379481098554,0.0996705882352941,0.1634572915072618
977,978.515625,2.6137338914665342,978.515625,124.0256811650072,476.0110559652416,83.37410987944929,5.709338986089405,683.4108470096982,3656.25,0.0467174553241884,0.111195,0.1140866640954721
978,966.796875,4.185424636810572,966.796875,252.70202015812097,411.75327885058414,18.853434344199208,21.83969622368944,683.3087333529043,3656.25,0.0531866063106525,0.12355,0.1108840460058853
979,980.46875,1.7154710924166046,980.46875,12.954456585211467,10.221681676758278,22.380253499584,0.4567276986808161,45.55639176155374,3687.5,0.0340749902488177,0.1173724999999999,0.1806049078418035
980,984.375,1.8519179027214108,984.375,144.03503459878434,123.7818450167822,49.60412645203026,2.49539411073967,317.42100606759675,3718.75,0.0342361416428305,0.111195,0.185317225484314
981,980.46875,1.38816425541072,980.46875,6.874031905300504,6.722308194349216,59.79215117911786,0.112427936807481,73.38849127876757,3781.25,0.0343730371444612,0.0980231404958677,0.1967467926916391
982,976.5625,3.513988024303408,976.5625,189.18560998172995,266.8093663536818,43.53693577744782,6.128345084219026,499.5319121128595,3781.25,0.0288090487759807,0.1102760330578512,0.1938442655773283
983,988.28125,1.99662589757206,988.28125,47.175643065732665,38.30043678069863,32.63350811089208,1.1736536767836827,118.10958795732336,3781.25,0.0242375699665482,0.107608064516129,0.1744565866077592
984,976.5625,1.983722979015211,976.5625,99.6189132981062,92.37774368357684,118.92089170569017,0.7767999580107146,310.9175486873732,3875.0,0.0142771582910252,0.1016298387096774,0.1770814136019145
985,972.65625,3.532687190776844,972.65625,182.6586566144339,145.49222384809724,68.36933313430197,2.128033391261813,396.5202135968332,3968.75,0.0196972596634468,0.1016298387096774,0.2468322437957407
986,976.5625,2.5773042044392147,976.5625,75.3951049504938,70.48231825317274,45.33165487894754,1.5548145868794525,191.20907808261407,4031.25,0.0242662832418932,0.1167401574803149,0.2459026069307924
987,984.375,4.141132370187934,984.375,305.48211789492655,160.00506957265202,23.72860587697169,6.743129807214459,489.2157933445503,4031.25,0.0207962506242465,0.1167401574803149,0.2647569260722966
988,957.03125,2.6129515546629776,957.03125,162.3354511706984,189.1127157043168,115.03544675305642,1.6439516778709096,466.4836136280716,4000.0,0.0198550717192669,0.1274109375,0.2546691169810827
989,984.375,4.83385535730572,984.375,599.0853140223633,304.6100140931236,25.216069341424213,12.079995893440826,928.9113974569112,3968.75,0.0437777339117329,0.1584458015267175,0.2632214492559627
990,957.03125,2.428715662562091,957.03125,287.19966940971347,1779.8830899579762,986.2762923055856,1.804649573191304,3053.3590516732747,3984.375,0.0418741108865826,0.1471282442748091,0.2220134772876806
991,986.328125,2.242161357518257,986.328125,92.2824853656206,124.33488861056102,70.61970019793515,1.760626117953931,287.23707417411674,4125.0,0.047999436879256,0.1284141732283464,0.2144604947235827
992,839.84375,4.215765661093759,839.84375,771.0468887319153,2002.0139067600176,260.3047198223941,7.691039594387655,3033.3655153143272,4156.25,0.0407194633131933,0.1269151750972762,0.1935397653247553
993,968.75,1.5670545681579329,968.75,94.47366356163192,42.1947334562025,97.62041926043536,0.432232659681924,234.2888162782698,4156.25,0.028219589919503,0.1379162790697674,0.1900383379699293
994,972.65625,1.8917533479176631,972.65625,83.75959570384437,59.940058730536144,96.50215041155434,0.6211266637573233,240.20180484593484,4156.25,0.0270164587003708,0.1684772727272727,0.1413508047535302
995,947.265625,2.3279710345000217,947.265625,134.64136288235804,98.27505656271408,119.3622029128251,0.8233348092150092,352.27862235789723,4000.0,0.058491930685151,0.1783578947368421,0.1873399969360487
996,966.796875,3.526992017047253,966.796875,431.9001959100442,177.71284573247323,70.54476434818201,2.519150037206879,680.1578059906994,4125.0,0.0775772457220454,0.1702244444444444,0.2646521069917738
997,931.640625,2.7727066729295293,931.640625,39.510389444837095,40.55844509531118,36.27643109543025,1.118038458320679,116.34526563557851,4031.25,0.0854789157300414,0.1818802973977695,0.2819482837137907
998,927.734375,5.074249973706186,927.734375,852.1261586053342,1261.740678366416,141.69910843055314,8.904365682616811,2255.5659454023034,4234.375,0.0852438552903235,0.1757155555555555,0.2789201339481548
999,957.03125,2.685940588534597,957.03125,246.23088569482,100.39829509092414,46.25586597308193,2.170498659550548,392.8850467588261,4656.25,0.0526051750506238,0.1647333333333333,0.2894332427383826
1000,957.03125,1.5110525154491612,957.03125,25.85755265942696,52.79650313900749,227.90118450246464,0.2316640137446785,306.5552403008991,4484.375,0.0495721486818994,0.1659626865671641,0.2405917285781329
1001,957.03125,1.69740537656638,957.03125,45.16283981932827,40.8227900517029,94.3421777236819,0.4327098550901429,180.32780759471308,4109.375,0.0851189524188915,0.1010863636363636,0.2298165752894686
1002,960.9375,1.0170244625278504,960.9375,2.576534660966894,4.215180461527305,49.74964735475628,0.0847278460381753,56.54136247725047,4093.75,0.0879560332396949,0.1244931297709923,0.1958875558197379
1003,947.265625,1.4334315538069415,947.265625,19.09293159810748,9.605969710465684,36.02488564199708,0.2666481666569744,64.72378695057024,4062.5,0.0874029476827684,0.1384529182879377,0.107381666858692
1004,960.9375,1.2857664985221091,960.9375,21.183731465076534,9.116899874084838,54.06909812853479,0.1686157193229273,84.36972946769616,3921.875,0.0400638168853128,0.1167401574803149,0.1170583709844074
1005,949.21875,1.5383825976948706,949.21875,37.08077662836845,23.90072138918537,37.47534358816572,0.6377719081602482,98.45684160571956,3843.75,0.047726924280282,0.107608064516129,0.1217778841103166
1006,964.84375,2.354754713038468,964.84375,26.55831855188281,68.08274577074448,71.2055016605521,0.9561444577036436,165.8465659831794,3781.25,0.0442721997452526,0.0964292682926829,0.1118615122347376
1007,945.3125,2.21489908856063,945.3125,48.76981818701501,33.57721412047303,49.61066596313263,0.6768144202181321,131.95769827062065,3750.0,0.0274027046580348,0.0964292682926829,0.109642076758973
1008,943.359375,1.891963772592544,943.359375,59.289272386922406,59.242740963260445,52.40552340782169,1.1304674986686285,170.93753675800454,3750.0,0.0247202795376372,0.1084829268292682,0.0902740464531845
1009,964.84375,2.0423419570426056,964.84375,25.108336070352777,185.32184929416132,126.48240857942857,1.4651986104279693,336.91259394394274,3812.5,0.0163213969021023,0.1145097560975609,0.2960926770730409
1010,960.9375,1.9700282524413848,960.9375,153.8779260028526,149.2475705889036,52.79054328835827,2.8271648915160283,355.9160398801145,3875.0,0.0157822696858162,0.1200485829959514,0.337407531193666
1011,843.75,2.51379291368067,843.75,61.56416473156295,952.6172636546812,356.5869948322366,2.6714862781320976,1370.7684232184808,4031.25,0.0188065299003796,0.1167401574803149,0.3327541150720998
1012,929.6875,4.147481562332792,929.6875,158.72996379176365,49.0208799864393,32.260960074261064,1.5195108847845449,240.01180385246403,4203.125,0.0159301552222728,0.1259351351351351,0.3240351878540736
1013,980.46875,1.472552990735292,980.46875,74.80678597332222,56.60071304327694,110.77780398490152,0.510939114219951,242.1853030015007,4250.0,0.0329783833010658,0.1327701492537313,0.2399936662132912
1014,902.34375,2.962743456750441,902.34375,429.6035855398399,429.2130093192708,115.57902306275952,3.713589178602138,974.39561792187,4218.75,0.0309209343614346,0.1427688888888889,0.1912156193226065
1015,964.84375,1.3281174758034555,964.84375,22.922686147654264,138.011104779376,92.38950775575672,1.4937962992965146,253.323298682787,4218.75,0.0639028952829983,0.1043311111111111,0.1874195259032305
1016,937.5,1.8194051828347988,937.5,61.35601208174321,162.43613249675747,124.98711659375084,1.2996230085435785,348.7792611722515,4218.75,0.0543695986872051,0.1098222222222222,0.1925193753334361
1017,949.21875,1.6128646738012626,949.21875,11.176822966462945,24.47423294294518,38.40642739337486,0.6372431544405248,74.05748330278298,4218.75,0.0634393805144633,0.1217059701492537,0.2134383714528049
1018,941.40625,1.5046233580979105,941.40625,415.85451030499166,553.2627063778693,559.727685158572,0.9884497784331124,1528.844901841433,4171.875,0.0690262106346076,0.1317866666666666,0.1731200715931738
1019,968.75,1.3165349630967658,968.75,15.168840990343345,30.34400418693116,31.179442793901345,0.9732054670607008,76.69228797117584,4187.5,0.0595843389788675,0.1317866666666666,0.1793904572688227
1020,964.84375,1.4443099049216628,964.84375,43.19210438683883,87.3371610594718,70.48242995977832,1.2391337970230574,201.01169540608896,4187.5,0.0661606200193531,0.1217059701492537,0.2870161436486979
1021,976.5625,1.138966126355314,976.5625,8.554969371366342,36.71855860423726,38.62699458795403,0.9505932055011104,83.90052256355763,4187.5,0.0670931892353326,0.12355,0.2891892670482522
1022,789.0625,4.211548180798111,789.0625,576.2948128018224,1966.6880327796248,70.1790957596204,28.02384401640035,2613.161941341068,4187.5,0.070778392322338,0.1368553846153846,0.2735463483646875
1023,949.21875,2.0643104451065826,949.21875,29.687914496832988,28.227979974274504,93.83044753101946,0.300840299892448,151.74634200212694,4031.25,0.0270294405890134,0.1264232558139534,0.2829891607075027
1024,976.5625,1.5126486282749214,976.5625,30.55816513726278,62.31946913979624,48.0806821469306,1.2961436143803675,140.95831642398963,4031.25,0.0356305949717841,0.1149302325581395,0.2822356986205349
1025,976.5625,0.956653328578432,976.5625,8.253345210431732,14.715726281211555,67.00803084356161,0.2196113823366516,89.9771023352049,3968.75,0.038747339222902,0.1050661417322834,0.1615178675116605
1026,972.65625,1.6106436891509823,972.65625,34.67388332560162,79.8694961669071,74.84945792702308,1.0670684648749025,189.39283741953184,3937.5,0.0429233417098032,0.1042453124999999,0.1949870965323036
1027,953.125,1.765130836635383,953.125,28.79277965313057,33.39300347379926,59.26773148420824,0.5634263812289957,121.45351461113806,3937.5,0.0477819930687603,0.0933921259842519,0.1930807366862797
1028,976.5625,1.473582706556243,976.5625,21.930985985182247,52.261022187528624,92.450393224374,0.5652871812096341,166.64240139708488,3937.5,0.0340355358607631,0.1059,0.1928746898389113
1029,968.75,1.1631270831598448,968.75,2.997454077017744,36.45305769555539,94.18255128115716,0.3870468276733595,133.6330630537303,3937.5,0.0340725066554486,0.0941333333333333,0.1675342747694945
1030,964.84375,1.4038630050699257,964.84375,27.811762533286377,40.9059232109054,66.48691762704055,0.6152477009141534,135.20460337123234,3968.75,0.0329231913963961,0.1176666666666666,0.2068030073442265
1031,980.46875,1.2498910647856702,980.46875,12.350437556293931,26.559080095155856,64.52551362805377,0.4116058687769787,103.43503127950356,3937.5,0.0360982552732501,0.1230616600790513,0.1744223432650213
1032,980.46875,1.090906741834445,980.46875,16.53383512707632,26.27427309399286,40.20385205470534,0.6535262605742725,83.01196027577451,3968.75,0.0341376155587803,0.12161953125,0.1833065641625825
1033,947.265625,2.2199936526677537,947.265625,124.83362205792147,573.0348317452687,125.17991549696748,4.5776898751713135,823.0483693001577,4046.875,0.0412998131284701,0.1284141732283464,0.2561767609589833
1034,960.9375,1.2369553957303363,960.9375,3.805925911334939,4.374460190534457,41.33317380939463,0.1058341227486427,49.513559911264025,4031.25,0.0366745763362501,0.13899375,0.2538312469998151
1035,933.59375,2.8457505537310825,933.59375,106.98260783538294,273.3235710724456,203.29578684527647,1.3444625455050156,583.6019657531051,4000.0,0.0901975328654604,0.1274109375,0.2439945207981496
1036,953.125,2.463366487008676,953.125,452.3607180695872,5877.737642074057,5970.439277926894,0.9844732302704156,12300.537638070538,4000.0,0.0937054221755566,0.1050661417322834,0.2315926911339332
1037,960.9375,2.2750267330375364,960.9375,64.23981047531284,26.52142265154783,63.15209686380937,0.4199610775987786,153.91332999067004,3968.75,0.0917248850807979,0.1050661417322834,0.1957713790126959
1038,947.265625,3.59788351875344,947.265625,121.07143562773904,81.61432234790794,81.30264093660124,1.0038335951663582,283.9883989122482,3968.75,0.0810241313935553,0.115828125,0.1028840541019858
1039,968.75,1.0165921956992965,968.75,1.4957469602218108,26.82297493246316,111.93799765558386,0.2396235013511082,140.25671954826882,3968.75,0.086434333220344,0.12161953125,0.1619903656453512
1040,949.21875,1.5711981945680964,949.21875,59.82271388856453,90.7819595406436,99.1833231724442,0.915294594261642,249.7879966016523,3968.75,0.0919107289355515,0.0926625,0.200971500313017
1041,960.9375,1.112796848000449,960.9375,7.031056522562842,16.468118468561332,98.48120422673657,0.1672209290886232,121.98037921786072,4031.25,0.0972938049963332,0.109608560311284,0.2003093595531498
1042,888.671875,4.39441451672156,888.671875,1110.06314451266,3672.520475181893,429.5058418986895,8.550571649845347,5212.089461593242,4093.75,0.0072009593896,0.1026415384615384,0.1909056199368403
1043,949.21875,1.2953627699220682,949.21875,106.02162800725571,786.3963960470567,1223.3924955106545,0.6427997547253289,2115.810519564967,4218.75,0.0218027246820587,0.1192896551724137,0.1906127316173667
1044,941.40625,1.496991758871156,941.40625,140.61377675451993,983.1019212849592,1095.3049216754875,0.8975600326720969,2219.0206197149664,4218.75,0.0232278367186363,0.1123181818181818,0.1917734531628899
1045,972.65625,1.70567613679479,972.65625,58.31243775571824,17.988642898053637,28.7896432680492,0.6248303506427073,105.09072392182108,4171.875,0.0199810932990767,0.1308176470588235,0.1929052304692196
1046,902.34375,3.4160438722743387,902.34375,29.741400610758784,248.9290351805648,70.2232550857576,3.5448233619556544,348.8936908770812,4218.75,0.033735367660803,0.1217059701492537,0.1930496047195826
1047,933.59375,1.985901568805274,933.59375,153.44294781959044,82.28283216387004,28.43393228473531,2.893825283815682,264.1597122681958,4250.0,0.0314994175855935,0.1149302325581395,0.1971957270622505
1048,968.75,1.623188015718518,968.75,38.77361227118008,27.09379878984177,91.37084948720316,0.2965256308975912,157.238260548225,4031.25,0.0269281237038152,0.1034372093023255,0.1699928474284874
1049,953.125,3.467846445377248,953.125,44.67970256444402,30.75067299328268,83.64699992425498,0.3676243382443887,159.07737548198168,4031.25,0.0256397604871607,0.0804511627906976,0.1696228147330092
1050,935.546875,2.3881481040787302,935.546875,40.99285215526481,165.65571176838102,57.61990502231841,2.8749737040388417,264.26846894596423,4000.0,0.0228159444601963,0.0804511627906976,0.1264260674277647
1051,957.03125,0.9442929494757172,957.03125,2.637942496455212,2.996086997444504,72.43937939132869,0.0413599208416623,78.0734088852284,4000.0,0.0208578581125674,0.0919441860465116,0.1241973588795996
1052,953.125,1.5732608656406089,953.125,22.66477342796542,19.11546835108017,69.16721253117299,0.2763660360386074,110.9474543102186,4000.0,0.0388403484417619,0.1034372093023255,0.1242136909799837
1053,953.125,1.303565133420154,953.125,20.848127806143925,27.06935845026512,121.05652961203197,0.2236092388987059,168.97401586844103,4015.625,0.0591320723946375,0.1042453124999999,0.1291255241165242
1054,964.84375,1.8804035718014327,964.84375,42.5975473592144,42.4211010944248,73.49673650062284,0.5771834657456566,158.51538495426206,4125.0,0.0282635963582378,0.1042453124999999,0.1265465492758809
1055,949.21875,2.1749627100949205,949.21875,46.56331616530056,60.8912494967931,69.2883178271287,0.8788097533081131,176.74288348922235,4062.5,0.0956151094287221,0.0980708171206225,0.1477731525396356
1056,955.078125,1.662793787897147,955.078125,53.96835302029584,20.75828284835262,55.23905141937317,0.3757899948490494,129.96568728802163,4000.0,0.0942854718096191,0.1026415384615384,0.1429367067902129
1057,957.03125,1.6126670917508232,957.03125,181.28723071641025,207.11064101686588,215.37468056396912,0.9616294750828488,603.7725522972453,4046.875,0.0919320247845065,0.1010863636363636,0.1407587844150682
1058,964.84375,1.7085682848113577,964.84375,6.053408948133362,13.411405651126312,55.4167798578731,0.2420098332223997,74.88159445713278,4046.875,0.0903674664785319,0.1179340909090909,0.1371419088927834
1059,960.9375,2.322607584098197,960.9375,211.20968578016823,469.3026581733015,174.5101502198617,2.6892570866625056,855.0224941733316,4125.0,0.0253932875840552,0.1062996226415094,0.1713510502738089
1060,968.75,1.2132804839086462,968.75,22.67377357633669,30.5712333218703,67.38537252530224,0.4536775887139488,120.63037942350924,4156.25,0.0222306830519952,0.1003263157894736,0.1718961390297911
1061,953.125,1.069027410055865,953.125,3.2331130768328142,7.194018459247023,115.26226737580072,0.0624143409897678,125.68939891188056,4171.875,0.0238536486726284,0.0727313207547169,0.2162857783369216
1062,957.03125,1.2238902897761543,957.03125,1.5750947055913471,6.68508060227909,67.07220324727511,0.0996699121040231,75.33237855514555,4187.5,0.0473358394603562,0.0663850746268656,0.233635427718913
1063,947.265625,2.978140282027565,947.265625,51.51558238055262,65.8741352799102,65.57102697774678,1.0046225950108467,182.9607446382096,4187.5,0.0453633896085792,0.0608529850746268,0.2007006161915668
1064,949.21875,0.7363452876447545,949.21875,21.500322144409235,63.2723289641562,252.12065927954075,0.2509605089283957,336.8933103881062,4187.5,0.0357897135466898,0.071649814126394,0.2330025224515637
1065,955.078125,2.734147319377634,955.078125,116.7074486658112,70.78577019144868,54.28098900378062,1.3040619098984825,241.7742078610405,4125.0,0.0521028995578038,0.0768755555555555,0.1915467987940844
1066,957.03125,1.3499524645816448,957.03125,44.605810230321126,66.56613640963592,226.2872073845044,0.2941665911167818,337.45915402446144,4250.0,0.0512977798023541,0.1106417910447761,0.1643696540839381
1067,976.5625,1.5269079999703152,976.5625,9.184598632913382,20.62144103548493,56.69469256092001,0.3637278924006268,86.50073222931832,4312.5,0.0688854003436838,0.0995776119402985,0.224592561643537
1068,980.46875,1.1818495976546262,980.46875,16.72407968992255,20.689156931926924,57.68570631689747,0.3586530919509014,95.09894293874694,4250.0,0.0760077024549476,0.1298627737226277,0.2098995102080034
1069,953.125,2.973363585292267,953.125,354.80627621845474,716.703133888997,130.30532274102978,5.50018309929964,1201.8147328484815,4312.5,0.0409954613736048,0.1303384615384615,0.209291719297343
1070,972.65625,2.22455432723182,972.65625,60.960177834115655,28.14659440638167,106.77595620234187,0.2636042364541647,195.8827284428392,4328.125,0.0409586563832983,0.1208044444444444,0.2129214063227292
1071,964.84375,3.410621520065043,964.84375,107.74851307917449,127.92940515685386,49.13748967304062,2.603498998587276,284.815407909069,4156.25,0.0275576367835047,0.1258295202952029,0.1672896781333227
1072,980.46875,1.8542276629182213,980.46875,42.40009401312324,32.40130077544876,72.88414238493982,0.4445589906830529,147.68553717351182,4187.5,0.0292859467765273,0.1059,0.1834470104844707
1073,960.9375,1.06014799703837,960.9375,8.91038905820646,7.225615781637695,53.14820730716707,0.1359522013579434,69.28421214701123,4156.25,0.083004511947347,0.091236923076923,0.1769908104647316
1074,978.515625,1.037754723381389,978.515625,0.4748681876729664,8.269882144474916,58.73132930900896,0.1408087002588306,67.47607964115684,4031.25,0.0777171124109072,0.091236923076923,0.2010074781485164
1075,970.703125,1.5957391768894504,970.703125,21.914189278858974,29.668401871801365,167.37352826698137,0.1772586273289084,218.9561194176417,4000.0,0.0720540099182761,0.0744162162162162,0.1820140289064243
1076,964.84375,0.9760325500093696,964.84375,6.247633928010878,13.95499474967215,93.09830814638552,0.1498952561815587,113.30093682406854,4000.0,0.0787137663612405,0.0804511627906976,0.2173127913292624
1077,972.65625,1.4635570894505372,972.65625,150.42338998807276,815.0611497495872,525.0163502650335,1.552449079610828,1490.5008900026935,4015.625,0.03366233558548,0.0810796875,0.1896465785383508
1078,972.65625,1.307212611142232,972.65625,16.677363357488943,13.124607083957256,181.4906636574303,0.0723156046678543,211.2926340988765,4000.0,0.0573081474685399,0.0926625,0.262636236192771
1079,972.65625,1.4341688789016076,972.65625,28.658088100635048,252.17153905171344,184.32988167201563,1.3680448159805731,465.15950882436414,4046.875,0.0653147004878237,0.0810796875,0.2507712635404324
1080,960.9375,2.2386949376177774,960.9375,90.53489473674308,69.07581288750679,88.36859061383043,0.7816783362469496,247.9792982380803,4000.0,0.0714558723406252,0.0810796875,0.2351912178628234
1081,972.65625,1.99825522376894,972.65625,543.2222331043106,1707.8349900272924,762.9232280025199,2.2385410842696896,3013.980451134122,4031.25,0.0701709720055145,0.0984539062499999,0.2288484126790625
1082,972.65625,1.0722560152292562,972.65625,10.552141757508537,18.16292784477643,124.79245613139828,0.1455450786676725,153.50752573368322,4000.0,0.0475493754945338,0.1042453124999999,0.2627906401668207
1083,980.46875,1.834084845117343,980.46875,67.92907131193677,38.87842186218792,102.52137159516748,0.3792226075135784,209.32886476929207,3984.375,0.0631595504325457,0.1010863636363636,0.2550633518820787
1084,886.71875,3.061552114921133,886.71875,83.60076490730756,803.8869578488697,311.70063132179854,2.5790353854591324,1199.1883540779756,3968.75,0.0482023177335089,0.1208044444444444,0.2474544321197075
1085,953.125,1.7153861748166968,953.125,62.91101318558008,32.641773869212685,86.70021098355328,0.3764901319029629,182.25299803834605,4109.375,0.0448783421224606,0.1253669117647058,0.2432756609233309
1086,953.125,2.246504151934181,953.125,23.23411040297785,16.872021431582215,62.62147794385187,0.2694286686543893,102.72760977841196,4250.0,0.045113969726427,0.1106417910447761,0.2024468234931386
1087,964.84375,1.257615517721732,964.84375,12.372483047993908,12.234483976889404,114.41362091685146,0.1069320582536291,139.02058794173476,4250.0,0.0366304188539285,0.1090147058823529,0.2711269355461747
1088,972.65625,1.4627774068310884,972.65625,11.42572738538622,13.246483105447917,74.61952519847277,0.1775203349286257,99.2917356893069,4250.0,0.0425583534523099,0.1024341818181818,0.253561580481468
1089,966.796875,3.002667430696677,966.796875,493.4374584737882,2629.521291591932,141.09901939154338,18.63599976053079,3264.057769457263,4328.125,0.0217175897441946,0.0856375451263537,0.253248770020546
1090,970.703125,1.001386700949816,970.703125,5.704211484315238,8.907630325884634,45.35465634420186,0.19639946686584,59.96649815440173,4390.625,0.0227537856298576,0.1066618705035971,0.2771360372755497
1091,972.65625,2.034330355706832,972.65625,45.66947900458728,34.08921633167571,82.81698203069162,0.4116210890061459,162.5756773669546,4390.625,0.0224570866286501,0.11649,0.2298021110922595
1092,884.765625,3.717889891761383,884.765625,1710.4079106153367,1195.7512911984002,72.78315428363929,16.428956713506846,2978.9423560973764,4375.0,0.0207185481536144,0.1569175182481751,0.2619144572202998
1093,929.6875,3.944853576797573,929.6875,725.3406254911382,527.603298401765,573.3720891147753,0.9201761097515708,1826.3160130076783,4406.25,0.0105580939968821,0.1887955056179775,0.2686365930318486
1094,906.25,3.4119647125702373,906.25,139.29648323269458,314.3830958309851,117.14538377355544,2.683700250952222,570.8249628372351,4125.0,0.0758160434337737,0.2212835820895522,0.3106437139556767
1095,925.78125,2.822825352538004,925.78125,813.275073465429,1506.0799133931885,1016.1833668369454,1.4820946322720618,3335.538353695563,3718.75,0.0648583575667124,0.2297756457564575,0.3006444417162217
1096,988.28125,0.8773170596036973,988.28125,12.758501773093837,21.7847320212232,106.57528100344636,0.2044069864616987,141.1185147977634,3750.0,0.0550545084143853,0.2535301115241635,0.3703245934855851
1097,937.5,2.604580429257126,937.5,74.20297520335961,145.25040335812213,82.62850227214864,1.7578728811968467,302.0818808336304,3687.5,0.0646714463319099,0.2380817518248175,0.3427523452578693
1098,898.4375,4.422563554894168,898.4375,421.673438248994,1137.0774122037658,162.61672256366415,6.992376886445993,1721.367573016424,3968.75,0.0652256777582922,0.2206923664122137,0.3250367179293371
1099,937.5,2.7674508366406454,937.5,124.27677777134362,88.73825017001457,116.89162629497392,0.7591497610452025,329.90665423633214,4593.75,0.0277777401667428,0.2078922509225092,0.2637133366256063
1100,929.6875,6.360143753990831,929.6875,566.2127131782787,1266.2628921154346,58.46850002129753,21.65718107449636,1890.9441053150108,4312.5,0.0279435312916076,0.2210421818181818,0.2434842732457201
1101,949.21875,2.323346826596244,949.21875,70.22880983698833,33.06791013436265,35.03050250305219,0.9439747583261604,138.3272224744032,4312.5,0.0009440471352618,0.2088169014084507,0.139338432334371
1102,964.84375,2.063628851116348,964.84375,113.6011885541101,29.27504952555832,97.45548088775558,0.3003940800341016,240.331718967424,4375.0,0.0809817889478846,0.1670535211267605,0.2489713198779861
1103,949.21875,1.4551948061982345,949.21875,90.7323002790129,133.1624816498632,111.74682716251286,1.1916444075517747,335.641609091389,4437.5,0.0800431930680194,0.156612676056338,0.3844131941446588
1104,964.84375,1.544577200675356,964.84375,41.40920783723152,82.90004084373228,60.86558906266269,1.3620182129246223,185.17483774362648,4406.25,0.0780202036695433,0.1513922535211267,0.4047977164326199
1105,921.875,3.159048716969388,921.875,723.9775421624103,1504.5553582757525,498.4737869043127,3.018323927562048,2727.006687342475,4687.5,0.0789052169676672,0.1461718309859155,0.3800252072316186
1106,945.3125,1.7897048804749427,945.3125,13.846189506907876,23.42650588045435,86.85903739590721,0.2697071782372551,124.13173278326944,4656.25,0.0341807402420789,0.1461718309859155,0.3868243312603231
1107,864.2578125,3.6062614393144217,864.2578125,343.3571305705572,1213.5199499724242,16.708373147284213,72.62944987374011,1573.5854536902657,4453.125,0.0416888458564023,0.1343121951219512,0.2541380033773366
1108,933.59375,1.7092596723292166,933.59375,15.54222816523444,11.383504040415982,69.87306452514488,0.1629169139464243,96.7987967307953,4406.25,0.0336815027180558,0.1347818181818181,0.1586955128377006
1109,955.078125,1.6763065544064168,955.078125,43.30216504345648,43.634778661197856,45.46290316163592,0.959788654632581,132.39984686629026,4421.875,0.0307460139819319,0.1461718309859155,0.1505361931211244
1110,945.3125,2.2660761904530924,945.3125,76.91509134938921,66.16439229658639,57.554828719780176,1.1495889010238218,200.63431236575576,4390.625,0.0278334986675313,0.1314361702127659,0.1863805870599071
1111,958.984375,1.2991869864718708,958.984375,26.000012525755583,53.696701289053536,80.52414018851174,0.6668397969024743,160.22085400332085,4406.25,0.0192129031370272,0.1461718309859155,0.2396574523513682
1112,925.78125,1.2646045132797274,925.78125,6.60622184467574,20.65458011008448,82.12370004839543,0.251505717568896,109.38450200315566,4359.375,0.0111926948789724,0.1419510638297872,0.235727072222601
1113,886.71875,3.0044305220598444,886.71875,201.89661089827263,227.2023857200038,15.547493527157004,14.613441409262949,444.6464901454335,4468.75,0.0451538518135978,0.1386604316546762,0.2748142983643393
1114,839.84375,2.1997463477417143,839.84375,127.89286492043986,99.98725336385436,63.04321951328702,1.586011217951535,290.9233377975812,4218.75,0.0296725389501042,0.1471282442748091,0.2332769477057586
1115,863.28125,1.3580748139960035,863.28125,8.507560852436887,8.82264137333651,104.05414285922244,0.0847889486271862,121.38434508499586,4062.5,0.0246994371112357,0.1264232558139534,0.1873809785964003
1116,855.46875,1.2834977314653775,855.46875,0.6085981297079506,4.385256445670823,109.25431913590695,0.0401380602648375,114.24817371128574,4031.25,0.02654376671591,0.13899375,0.1568004802279109
1117,851.5625,0.8687468520223459,851.5625,5.465594051368057,40.94567666325042,355.8001143945808,0.115080560704491,402.2113851091992,3953.125,0.0257937968911104,0.118608,0.1709242930857957
1118,839.84375,1.3792309349735556,839.84375,6.677885008845023,6.329463831382532,32.861620899677106,0.1926096053114873,45.86896973990466,3875.0,0.0228863215837883,0.0893132530120481,0.1614364811827995
1119,835.9375,1.1943897226647655,835.9375,2.8710169491922857,9.89853054610906,94.96266176296602,0.1042360266903274,107.73220925826736,3812.5,0.058735703491696,0.0843756097560975,0.1665929206235384
1120,835.9375,1.5570239821435787,835.9375,131.5912130236141,640.6563607379045,559.9109643747286,1.1442111362354674,1332.1585381362472,3781.25,0.0616296353138164,0.0789909836065573,0.1719866475331382
1121,843.75,1.4793597952004642,843.75,23.25373956400177,22.649364213380466,37.59480290311289,0.6024599802199008,83.49790668049512,3734.375,0.0565662744435334,0.0735173553719008,0.132972554905239
1122,867.1875,1.6371190312141477,867.1875,15.919040964342914,10.39996377803006,40.53027703569259,0.2565974017120937,66.84928177806557,3750.0,0.0494553361322871,0.07413,0.1253623623887923
1123,890.625,1.5160302284810183,890.625,17.963837786250032,9.732688720790376,44.00344534280469,0.221180151803314,71.6999718498451,3750.0,0.0473457585527696,0.0806435146443514,0.125251785173162
1124,890.625,1.278582438127846,890.625,14.336965611906724,26.18394431222262,41.294756622072896,0.6340743100112319,81.81566654620224,3750.0,0.0545681505285995,0.0753864406779661,0.1073391696185603
1125,886.71875,1.5574071744360152,886.71875,48.49608335237407,14.30423299676718,58.69494272199213,0.2437046930008775,121.49525907113338,3718.75,0.043076512318402,0.0747529411764705,0.1172735032347489
1126,878.90625,2.6411684950164624,878.90625,101.82917535516891,96.5016635816784,12.447322762186346,7.752804793882286,210.7781616990337,3671.875,0.0458344777082513,0.07413,0.0909871130141221
1127,894.53125,1.858634686006853,894.53125,33.34506506532914,21.704347637168627,72.46482413217247,0.2995156325444316,127.51423683467024,3703.125,0.0438899471411305,0.0872117647058823,0.0914657198094544
1128,894.53125,1.3520526915171298,894.53125,85.15897921532012,907.1305540579964,931.498272917334,0.9738402962540972,1923.7878061906504,3703.125,0.0337496823286973,0.0872117647058823,0.0910927985610076
1129,896.484375,1.3288740958213523,896.484375,5.539930557119309,10.296848815049136,28.57240228458691,0.3603774268782315,44.40918165675535,3718.75,0.0346809329277049,0.0753864406779661,0.0962957485954462
1130,886.71875,1.1368077172966131,886.71875,9.5618462881255,43.412434875349874,37.16107730937095,1.1682232598892528,90.13535847284632,3718.75,0.0274023957998009,0.0753864406779661,0.1172844240841778
1131,906.25,1.978112811183232,906.25,27.62794462022936,13.24414551984148,36.20718274115383,0.3657877944971375,77.07927288122467,3718.75,0.0262461257403739,0.0753864406779661,0.1106761173833691
1132,898.4375,1.498982698132994,898.4375,5.1102291000887465,4.504281865239186,29.269771532487727,0.1538885214816145,38.88428249781566,3687.5,0.0674944608959886,0.0753864406779661,0.1185985995151062
1133,902.34375,0.8680816903893728,902.34375,5.405586882612068,14.958024655991276,54.97528032252647,0.2720863735161734,75.33889186112981,3687.5,0.0669077412565065,0.0872117647058823,0.1095887281372522
1134,910.15625,1.3943826642789712,910.15625,20.59928680418854,28.1567923492748,56.97720507112237,0.4941764397556497,105.73328422458572,3687.5,0.0592992629695687,0.0872117647058823,0.1090614944693752
1135,917.96875,2.595450565193572,917.96875,91.18535518251056,276.9821798760519,29.81796761428352,9.289103250060908,397.98550267284594,3703.125,0.0599842053339382,0.0753864406779661,0.0745500784611477
1136,910.15625,1.8141468547960145,910.15625,16.91774395931191,13.49545037450336,67.10224951640727,0.2011177042761222,97.51544385022254,3750.0,0.0332149420120016,0.0622941176470588,0.0749762222024273
1137,916.015625,2.024926018305248,916.015625,37.72913235963145,57.821823507704174,15.110785717893531,3.8265266007467833,110.66174158522917,3750.0,0.0318851911564941,0.062822033898305,0.0761917685914172
1138,910.15625,1.4848034719150447,910.15625,24.048357769139013,50.54635375425959,42.88452077426322,1.1786619703721757,117.47923229766182,3781.25,0.0557055904323878,0.0753864406779661,0.0763275661498202
1139,906.25,1.068048851101656,906.25,9.907620982679193,22.79102726110528,53.288695150083285,0.4276897228749212,85.98734339386775,3687.5,0.0640657261788187,0.062822033898305,0.0669621336778895
1140,925.78125,0.9780335254018996,925.78125,4.201207597048063,5.0762996114131615,26.71568225170939,0.1900119773691483,35.99318946017061,3625.0,0.0569775836441774,0.062822033898305,0.0736171168780279
1141,917.96875,2.452422047981804,917.96875,61.09987277692208,88.2188567171932,28.4180081081606,3.104329352762061,177.7367376022759,3640.625,0.0459204662823021,0.050257627118644,0.0682843426960908
1142,917.96875,1.72102090163708,917.96875,9.757401720526536,84.81436368965211,24.10008868464071,3.519255252521348,118.67185409481937,3671.875,0.064558249318628,0.0633589743589743,0.0613291101529963
1143,910.15625,1.4272222275055744,910.15625,9.703720887592828,46.15305209482999,104.58372526176,0.4413024299843466,160.4404982441828,3671.875,0.061831579704146,0.0506871794871794,0.0738665505569002
1144,921.875,1.7730479574904705,921.875,28.4984829994542,36.277802540168565,15.41446009642688,2.3534916119817826,80.19074563604964,3687.5,0.0541948025183429,0.062822033898305,0.1408383911487485
1145,910.15625,1.0646623301677014,910.15625,1.392401372693964,3.986675469469833,33.18511063812555,0.1201344637040215,38.56418748028935,3687.5,0.0591438112225472,0.0622941176470588,0.1365237403994479
1146,916.015625,0.6677837579721182,916.015625,8.225423925751649,63.114946522501725,46.57733535285227,1.3550570474752746,117.91770580110564,3750.0,0.0526605219778995,0.068236820083682,0.1727923244041453
1147,914.0625,1.3259589268635832,914.0625,12.329235988473489,20.46143253220069,36.64739046300562,0.5583325926809402,69.4380589836798,3812.5,0.0343795982840729,0.07413,0.1678179826343373
1148,853.515625,4.54351040732794,853.515625,824.072958319665,560.5503860009851,26.9274875281423,20.817032610827354,1411.5508318487923,3812.5,0.0358653831838677,0.07413,0.1658016648807816
1149,906.25,2.3840555986025587,906.25,56.58454315257724,63.88096222961582,47.987398774190886,1.3312028545288224,168.45290415638394,3765.625,0.0331041159219113,0.061775,0.1402828541429124
1150,910.15625,3.38500778419076,910.15625,3601.1218589930354,17482.835616420147,8865.584824157215,1.9719889847291727,29949.5422995704,3765.625,0.0433774710379042,0.07413,0.1413114123870098
1151,910.15625,1.7747111560291526,910.15625,23.807062247254656,38.75314090298791,25.675497444194324,1.509343333550512,88.23570059443689,3734.375,0.047088364356738,0.0679525,0.071255241005074
1152,914.0625,1.591807149767293,914.0625,22.66145231359017,30.73708628284927,50.89859250077042,0.6038887280111729,104.29713109720988,3718.75,0.0450462740137665,0.0679525,0.0767841999153097
1153,917.96875,2.674588079511119,917.96875,19.64139366242412,14.27496558209355,27.89135200743869,0.5118061533297626,61.80771125195636,3718.75,0.0423548717193154,0.0622941176470588,0.0743909881176249
1154,917.96875,1.787125768939418,917.96875,41.19001937031032,194.3663118247964,57.44927085304353,3.38326855917788,293.0056020481502,3718.75,0.0440601464826296,0.0747529411764705,0.0608451750661632
1155,906.25,1.2856491224747593,906.25,9.660963378107525,22.027498371048523,11.031941982809222,1.9967017960548905,42.72040373196527,3718.75,0.0217535611317793,0.0747529411764705,0.0697695806663101
1156,906.25,2.944927644557753,906.25,18.06908882618888,32.89480824308607,25.98096604403698,1.2661118215285116,76.94486311331192,3718.75,0.0242683756865085,0.0747529411764705,0.1194539198760002
1157,906.25,2.5570464760794245,906.25,7.440507173850279,72.72489928513409,15.173611037781594,4.792853797560279,95.33901749676596,3718.75,0.0220120988370474,0.0872117647058823,0.2244919725338864
1158,896.484375,6.023637510053653,896.484375,626.6862176220353,2551.3225526709857,258.2123101211854,9.880716188448131,3436.2210804142064,3843.75,0.0189547839176416,0.0872117647058823,0.2273370158755727
1159,910.15625,3.0887645376285606,910.15625,93.73419512854078,36.26935771863119,37.9443873145635,0.9558556689281577,167.94794016173546,3687.5,0.0159091117385682,0.0747529411764705,0.2653314265794468
1160,906.25,4.231270254634271,906.25,376.6792691373577,1169.3177308685083,55.18025257748805,21.190873115821084,1601.1772525833544,3843.75,0.0165539512963303,0.0996705882352941,0.2612095952963771
1161,917.96875,1.3309000198729866,917.96875,29.11309947543484,92.20676681305304,40.026005168988654,2.303671486169022,161.34587145747653,3718.75,0.0437014681523003,0.0946340425531915,0.1852597211928444
1162,929.6875,1.9390576254698284,929.6875,42.23616200066242,32.39314269014207,62.16021887526673,0.5211233691944279,136.7895235660712,3687.5,0.0385400885477616,0.1005152542372881,0.1811505793242403
1163,902.34375,2.42332378252286,902.34375,49.39739766691873,142.6283967075521,27.43104556010865,5.199524618739584,219.45683993457948,3656.25,0.0411179903153494,0.0879508474576271,0.073945517732507
1164,921.875,1.2035215103474628,921.875,0.5404374189388177,11.544902190313431,44.9220757066679,0.2569984135572745,57.00741531592014,3640.625,0.0516620141477628,0.0879508474576271,0.0723481401125177
1165,921.875,1.2824973167731872,921.875,4.294960198604859,35.184758889153954,74.2269715403796,0.4740158214593651,113.7066906281384,3640.625,0.0255533104671007,0.0816686440677966,0.0798191667357918
1166,917.96875,0.7606502629099389,917.96875,0.7365995005597036,4.997079039251752,42.09759793576536,0.1187022368087734,47.83127647557682,3687.5,0.0246487681361578,0.0934411764705882,0.0772961212009524
1167,914.0625,1.9659207062955548,914.0625,50.26587028206091,180.35978037012703,57.95135439100717,3.1122616937166026,288.5770050431952,3718.75,0.0198578767765242,0.0996705882352941,0.191473726601165
1168,906.25,2.85999096268531,906.25,100.85154182792684,76.07225305763382,27.7861928345554,2.7377717239127857,204.7099877201161,3859.375,0.0207309858072444,0.0972196721311475,0.2447114572362691
1169,871.09375,4.612448501801399,871.09375,406.8493695069794,179.8242090018555,56.51845215296522,3.181690264892031,643.1920306618001,3859.375,0.0248309498407859,0.085067213114754,0.2515782365455808
1170,880.859375,2.7453188325614515,880.859375,48.40930652313232,28.424168802807632,40.50069620258719,0.7018192640597593,117.33417152852716,3843.75,0.0265892993592536,0.085067213114754,0.2237003022083019
1171,878.90625,3.022291627963087,878.90625,87.40043399486882,46.70476567818631,39.06568919732418,1.195544392990905,173.17088887037931,3812.5,0.0358547864721942,0.0735173553719008,0.1532560454573491
1172,884.765625,2.005487486513957,884.765625,18.318422461656784,77.5101824353941,49.75420639401692,1.5578618985814014,145.5828112910678,3671.875,0.0301644551415015,0.07413,0.1020324379006745
1173,871.09375,2.2596421087368026,871.09375,38.81130075564933,45.08286378339129,40.6978757978999,1.107744885931311,124.59204033694051,3687.5,0.0703638493201652,0.0676705394190871,0.1461280809858234
1174,878.90625,1.929229893688361,878.90625,7.040990333676221,51.49040402723453,20.83094378624073,2.4718229070948285,79.36233814715149,3687.5,0.0570887096464042,0.0747529411764705,0.1879766913993165
1175,878.90625,1.3478387070097104,878.90625,0.7393693801031683,4.163820010429419,38.22778257459466,0.1089213061810339,43.13097196512725,3718.75,0.0542199954004409,0.07413,0.1840337380687491
1176,808.59375,2.904198183424745,808.59375,31.742035385071933,82.2540067957527,29.46656478847268,2.791435221113065,143.4626069692973,3843.75,0.0504569608346329,0.07413,0.1860869966204493
1177,867.1875,3.2695175329028565,867.1875,19.14911226070473,12.256326040279006,12.66763831921732,0.9675304686972048,44.07307662020105,3906.25,0.0668470021048459,0.0864849999999999,0.1869303884904529
1178,878.90625,1.7970371449117024,878.90625,10.161962204815516,5.006619775157473,16.96099719834706,0.2951842817146031,32.12957917832005,3843.75,0.0626057157485688,0.0864849999999999,0.1039385139975237
1179,882.8125,1.114952346558966,882.8125,3.2960442727916943,8.495304593940839,8.652480684236366,0.9818345632851998,20.4438295509689,3796.875,0.0585965384288745,0.0980231404958677,0.1453148189644587
1180,875.0,1.4478207124466655,875.0,16.404592091675376,41.81125152215039,18.20460410970274,2.29674049873272,76.4204477235285,3656.25,0.0625602749950112,0.0806435146443514,0.1372423373078903
1181,878.90625,1.3209492307989754,878.90625,10.2657957058438,11.914682025844275,19.999236530253032,0.5957568434085383,42.17971426194111,3703.125,0.0249162470014189,0.0753864406779661,0.1358410702257188
1182,886.71875,2.9981430943705183,886.71875,24.977226191962902,23.31692011452273,44.158332628059455,0.5280299034594096,92.4524789345451,3656.25,0.0276194109621861,0.0820161702127659,0.1323983784872483
1183,875.0,2.748232650480995,875.0,50.57874612027816,17.544734635597074,35.75142898876298,0.4907421921823475,103.87490974463822,3593.75,0.0411336044081631,0.0630893617021276,0.1277977737136453
1184,890.625,1.7731046784727362,890.625,3.827671187720109,34.34472522552343,52.736732154287765,0.6512486425029851,90.9091285675313,3656.25,0.0431009869736941,0.0706,0.0876813818420166
1185,898.4375,1.6094656088396997,898.4375,17.65247691793779,21.08639348058012,23.05687407762172,0.914538259158292,61.79574447613962,3593.75,0.0533391690988618,0.0693982978723404,0.0858577909775483
1186,902.34375,1.234268224351897,902.34375,1.387563436884537,8.705643933072297,23.12946711701915,0.3763875704108418,33.22267448697598,3593.75,0.0470885069523413,0.0633589743589743,0.0914712587118475
1187,906.25,1.4449787482205212,906.25,14.260757826456835,24.738098788058192,25.59459029728111,0.9665362289735928,64.59344691179614,3750.0,0.0426482964186579,0.0633589743589743,0.0887148549057968
1188,894.53125,1.125517360340063,894.53125,5.675504932133832,11.373253165381236,22.666087950374337,0.5017739801540567,39.71484604788941,3687.5,0.0451684688463958,0.0633589743589743,0.0921189696868939
1189,902.34375,1.191829906033565,902.34375,0.853667560916458,3.491153749686327,22.5506253682626,0.1548140547179557,26.895446678865387,3703.125,0.0139132897785983,0.0744401673640167,0.0936751626036349
1190,900.390625,1.314040910942598,900.390625,1.1964104644194768,10.03888737716223,58.0452999626553,0.1729491859568468,69.280597804237,3671.875,0.060139993412309,0.07413,0.0962738890208919
1191,898.4375,0.892154403760922,898.4375,1.3091797801369298,2.6947834489972164,26.3816449252732,0.102146149591137,30.38560815440734,3750.0,0.0523224561406765,0.0747529411764705,0.0821053771671327
1192,902.34375,1.656002182305834,902.34375,86.61645280964424,223.4854537183161,139.1375579792526,1.6062194634150546,449.239464507213,3718.75,0.0384766986213805,0.0622941176470588,0.0881260090882046
1193,898.4375,1.5095717032477365,898.4375,152.7059559970294,822.866841983664,636.7935215729447,1.292203538677811,1612.366319553638,3750.0,0.0527884510653285,0.0622941176470588,0.0905278349445796
1194,890.625,1.309820667446816,890.625,17.697393742076205,9.626243055440844,27.195886130087096,0.3539595293712907,54.51952292760414,3734.375,0.0267178510266086,0.0563012658227848,0.0725467291030425
1195,890.625,1.5261461006090786,890.625,19.675858494701984,30.82127300789009,22.609426292645068,1.363204559414954,73.10655779523715,3718.75,0.0317450364263106,0.049835294117647,0.0716268276254124
1196,890.625,1.5179382483870587,890.625,7.365886874200525,16.641983746676956,22.917265954904494,0.7261766643291683,46.92513657578198,3671.875,0.0311156471693669,0.049835294117647,0.1440811621445663
1197,894.53125,1.1252547241020008,894.53125,4.969209083309826,1.9755027686479123,23.513350258444675,0.0840162183157384,30.458062110402413,3687.5,0.0338669186032375,0.049835294117647,0.1334498044036937
1198,902.34375,1.093232160455355,902.34375,0.1132021903684195,6.256678556952114,33.80202770903,0.1850977287756225,40.171908456350536,3718.75,0.0467992040150864,0.0563012658227848,0.1360670509198403
1199,894.53125,1.352659809319858,894.53125,10.678900140635674,5.824694105396774,38.19506970433568,0.1524985855631411,54.69866395036813,3718.75,0.0421122315647799,0.049835294117647,0.1362818991744061
1200,882.8125,1.2997706359829346,882.8125,1.3073259247159974,51.41003797229613,33.52530385160324,1.5334697099199477,86.24266774861536,3718.75,0.0395679721752049,0.049835294117647,0.0716810039557635
1201,890.625,1.2072621389391862,890.625,2.1019538667066526,10.141881422080168,21.93368009873896,0.4623884991676913,34.17751538752578,3734.375,0.069909418089769,0.049835294117647,0.0654744439015675
1202,894.53125,1.2819407058422192,894.53125,13.28708484438733,7.8875398061734785,42.80629195210072,0.1842612253123783,63.98091660266152,3718.75,0.0763689802001866,0.061775,0.07202087593845
1203,880.859375,1.5004455666220358,880.859375,21.26277951437413,58.26153117744043,53.32474653087472,1.09257961767727,132.84905722268928,3750.0,0.0696421209150894,0.061775,0.1142672882112793
1204,882.8125,1.678554644722933,882.8125,15.01840511344746,20.98619385595979,24.23351735824064,0.8659986722407594,60.23811632764789,3781.25,0.0549627950406939,0.061775,0.1138172495911941
1205,886.71875,1.651431319624195,886.71875,3.689014813861683,9.590930281195632,42.91048981948549,0.2235101561772531,56.1904349145428,3781.25,0.0255578173316205,0.061775,0.1111604212065123
1206,890.625,1.7216544044553292,890.625,35.75355777682453,63.47057211539013,43.1391300701011,1.4712993055782633,142.36325996231574,3765.625,0.0197353745916236,0.0735173553719008,0.1348257767950441
1207,892.578125,2.9978771654949616,892.578125,132.78772637027436,86.22684311459619,51.697548294307374,1.6679097164089496,270.7121177791779,3781.25,0.0216573291807788,0.0735173553719008,0.0978041740856493
1208,902.34375,1.5678831588482498,902.34375,22.189287318096905,17.155767684982784,15.146938592410429,1.1326227792049612,54.49199359549012,3781.25,0.0168815230611491,0.079316049382716,0.1046473951515193
1209,894.53125,1.172852399316619,894.53125,1.4172347943053825,1.3576756630870237,32.117034028264115,0.0422727597415197,34.89194448565652,3750.0,0.0139181804425761,0.061775,0.1360878686714687
1210,898.4375,1.5095592836219554,898.4375,14.524968516314315,24.477232742754737,15.974646925874762,1.5322550073459216,54.97684818494382,3843.75,0.0211855828477801,0.07413,0.1405695786918255
1211,898.4375,2.1337401116382924,898.4375,32.83541145608327,100.74030516723629,36.95314046511271,2.726163565511969,170.52885708843226,3812.5,0.0519803719209768,0.0803075,0.1247678909519889
1212,898.4375,2.230523662418572,898.4375,3.970542031486737,9.764465537288205,13.11474306442808,0.744541123628488,26.84975063320302,3656.25,0.0523082506789907,0.0864849999999999,0.1226009949384266
1213,882.8125,2.176610275499564,882.8125,30.96395817766491,28.887759585570628,37.86787853575251,0.7628565608262579,97.71959629898804,3750.0,0.0570157566846577,0.0915185185185185,0.0879047687218478
1214,878.90625,1.7756570022113427,878.90625,185.7968341827743,983.5087541125544,494.84130000763184,1.9875235840205456,1664.1468883029606,3687.5,0.0480297791637986,0.0864849999999999,0.0797306034477173
1215,894.53125,1.6128132116168017,894.53125,20.466909230654643,15.404393373772836,28.783487673851983,0.5351816134417503,64.65479027827946,3781.25,0.0530060481582032,0.0799742738589211,0.0812091681365001
1216,882.8125,1.7913244454456498,882.8125,3.770295186010704,92.56840927328768,59.79980114402568,1.5479718578050117,156.13850560332406,3781.25,0.0658190588259695,0.0864849999999999,0.0687981554405905
1217,894.53125,1.237885403701506,894.53125,3.1555746975217143,2.957234838098286,27.13331321556311,0.1089890797561013,33.24612275118311,3781.25,0.0637661482700164,0.0735173553719008,0.155552038320795
1218,890.625,1.946874795516394,890.625,27.87916129982729,28.222064378914887,33.660113214487694,0.8384423486361832,89.76133889322988,3781.25,0.0276904116260175,0.0799742738589211,0.1578830176890593
1219,888.671875,1.6021019917002923,888.671875,51.23598476617528,64.47601019667303,41.677394304924505,1.5470259422877282,157.3893892677728,3781.25,0.0285708274973367,0.0996705882352941,0.1751567755841111
1220,875.0,1.6306408043106686,875.0,21.10242512580729,48.55988137319415,42.78800667909403,1.1348946852651638,112.45031317809548,3687.5,0.0362164627887538,0.1130796610169491,0.1897115523673563
1221,878.90625,3.356093782217289,878.90625,149.05704070040815,92.34560347018828,31.234306814663867,2.956544034037403,272.6369509852603,3656.25,0.0429958045014212,0.1183588235294117,0.2031398525292704
1222,867.1875,2.936869330631084,867.1875,64.31248707915914,103.9733222116936,31.972148954208013,3.2519966787534047,200.2579582450608,3687.5,0.0483062760261421,0.1370470588235294,0.3030539575680388
1223,867.1875,1.3591415773023698,867.1875,7.389703717469316,33.31168841541813,16.747481085687898,1.9890566375313428,57.44887321857534,3656.25,0.0494119456677622,0.1822868852459016,0.3113450718700786
1224,816.40625,2.084018581699424,816.40625,1509.9216947526804,2326.627694317423,767.8341402563799,3.0301175375460145,4604.383529326484,3937.5,0.0178594643222185,0.1913032258064516,0.3108838890244962
1225,847.65625,3.974614765997497,847.65625,196.5490939772388,153.33356520874483,75.99119257400118,2.0177807455703065,425.8738517599848,4000.0,0.0794427754339528,0.2490768,0.2906800134004946
1226,851.5625,2.451593928709242,851.5625,213.21175375228847,17.563351114901593,32.70617855085161,0.5370040736368534,263.4812834180417,3906.25,0.0717915378059298,0.23165625,0.3010526806916133
1227,820.3125,5.319504735426235,820.3125,395.2693870420303,568.7338725700179,13.414363373413233,42.397380832639975,977.4176229854614,3937.5,0.0724437808515172,0.2285010752688172,0.2987297648501547
1228,832.03125,2.098054783056834,832.03125,28.205984107968504,32.97569304235401,12.033642254145668,2.7402919536679486,73.21531940446818,4375.0,0.0845312688691659,0.1969078124999999,0.2863548959768063
1229,820.3125,5.575269735086874,820.3125,223.64607072657304,185.806862109568,44.23600907521136,4.200353196276221,453.68894191135234,4375.0,0.0661929082896535,0.1832426966292134,0.2912908635594601
1230,851.5625,5.322126485488429,851.5625,154.06227680739195,152.52888178392638,41.9404353814968,3.6367977679892847,348.5315939728152,4375.0,0.0433719408298563,0.185325,0.2924295642366057
1231,855.46875,2.229630794973497,855.46875,73.07487203859263,38.82480250195548,30.028097029920545,1.2929491490343108,141.92777157046868,4437.5,0.0320667225498893,0.2178731182795699,0.2868858431566152
1232,875.0,1.1688439445042311,875.0,50.02425772037139,98.333124984134,164.122241799361,0.5991456362407356,312.4796245038664,4093.75,0.0331654418440025,0.2226615384615384,0.2711977720074114
1233,863.28125,1.9729341320851648,863.28125,11.931608911181764,6.603743774559067,13.727537339554356,0.481058154220504,32.26289002529519,4328.125,0.0258943080660953,0.1560631578947368,0.2333396903632216
1234,843.75,3.819319847058453,843.75,1308.4049474222318,3643.58295800288,1491.5629911805586,2.442795228593744,6443.550896605671,4093.75,0.024462436952935,0.1560631578947368,0.2323360403373908
1235,808.59375,2.6140832985209483,808.59375,1053.6853833419088,8187.813519689977,2494.8051192014973,3.2819451333780405,11736.304022233382,4078.125,0.0320446371049001,0.1337684210526316,0.1914360953014993
1236,839.84375,1.3263341598801266,839.84375,2.155154228907781,9.55915646762262,13.71675907590862,0.6968961410433904,25.431069772439024,4125.0,0.0512509443428007,0.1537511111111111,0.2297886340359246
1237,832.03125,1.9285055830569908,832.03125,15.718861698334836,15.031930461261492,21.527868636718523,0.6982544679607817,52.27866079631485,4187.5,0.0358877106317687,0.1388202247191011,0.2307421409230077
1238,849.609375,1.375170202737629,849.609375,28.454573119370423,24.43682841640365,8.913297508811217,2.741614805547182,61.80469904458529,4281.25,0.0233749640004554,0.1504894736842105,0.3683310973152506
1239,843.75,1.7687169552244142,843.75,7.7159176495388575,18.144109837583063,31.31218751613231,0.5794583923028394,57.17221500325424,4312.5,0.0220373010933701,0.1584458015267175,0.3642487562991511
1240,839.84375,1.8032295524404347,839.84375,16.74545113393348,34.92250073030267,4.636593770954004,7.53193021762551,56.30454563519015,4281.25,0.043663893100863,0.1284141732283464,0.364338881195601
1241,796.875,6.223788009731906,796.875,183.38424171637595,170.78609959887376,21.83157975362478,7.822892412103961,376.00192106887454,4015.625,0.0390534275355487,0.1406418972332015,0.3882884612175948
1242,804.6875,2.973249968819425,804.6875,30.82967083925521,50.455315767202805,19.811174957640283,2.546810871898562,101.09616156409832,3875.0,0.0384594806085914,0.1412,0.3343457005127823
1243,824.21875,1.3151440065713476,824.21875,1.2346001247309657,5.376071979554039,22.059009266682583,0.2437132109860407,28.669681370967588,3765.625,0.0405903866761139,0.1400881889763779,0.248375712212382
1244,812.5,1.7742568543270898,812.5,8.449187725300288,6.85040090444531,21.10875333439884,0.3245289191608436,36.40834196414444,3734.375,0.0327951520531334,0.1240422310756972,0.2429006272447938
1245,812.5,2.668056479467033,812.5,13.886843537903244,15.73364771387257,3.441300077163344,4.572006904681728,33.06179132893916,3937.5,0.0651478571354372,0.1195645161290322,0.1909168852550193
1246,820.3125,1.3465956627400042,820.3125,3.4114394064556683,8.58487401409771,30.962886532637736,0.2772633618977501,42.95919995319112,3921.875,0.0575676569955333,0.1423296,0.2062330843103747
1247,816.40625,1.4777273137321731,816.40625,0.8292894096337557,7.07698324870028,15.371792143122065,0.46038764919592,23.278064801456097,3937.5,0.0577153009656088,0.1582221343873517,0.2155851850949652
1248,812.5,1.3586474325309144,812.5,2.87810185228187,7.99681189859113,16.470917182105534,0.4855110258995832,27.345830932978537,4015.625,0.0545088095754948,0.1737421875,0.254330301643463
1249,808.59375,2.628762326302332,808.59375,52.74552496519464,96.29958879645366,6.020246381511553,15.995954765604614,155.06536014315986,4125.0,0.0473951990283316,0.1938784615384615,0.4466150425888902
1250,757.8125,3.938877301752775,757.8125,491.6348471085395,618.1974908905385,216.49529112313405,2.8554777689780417,1326.327629122212,4187.5,0.0360738190396192,0.2158574712643678,0.4356232333153867
1251,796.875,8.374805624807735,796.875,104.130515390306,106.12206091110482,3.3244111493783466,31.92206262782788,213.57698745078915,4531.25,0.0476467256349626,0.2385793103448275,0.4093560718510537
1252,792.96875,3.964907310105533,792.96875,60.031943333220006,21.35142179640889,58.39560431421805,0.3656340583705593,139.77896944384696,4312.5,0.0337964290201282,0.2716213740458015,0.4607488276309756
1253,796.875,4.566099217287871,796.875,163.32549271221183,136.1337662289364,13.464477484237024,10.110586644621698,312.92373642538524,4125.0,0.0398003693894645,0.2807954545454545,0.3837361243590554
1254,796.875,2.1768230418227605,796.875,355.7373296309136,867.7678526306829,621.1717445848133,1.396985391231362,1844.6769268464093,4031.25,0.0423827038013992,0.2737107692307692,0.3565061675206004
1255,722.65625,4.341374410209649,722.65625,76.18247502736044,46.62639603020089,4.903893951949389,9.508035142494473,127.71276500951072,3812.5,0.0364159650738405,0.2873255813953488,0.3801764449507597
1256,714.84375,0.8716843687934389,714.84375,9.08012566666401,33.34052460292452,5.282499455976219,6.311505544066943,47.70314972556475,3843.75,0.0332981091492761,0.2907058823529412,0.3724204731468947
1257,742.1875,2.2959753868849733,742.1875,6.402513488875419,13.467791861343107,23.07333214109489,0.583695141169325,42.943637491313424,3984.375,0.0446869999889563,0.2801763779527559,0.3374143258723177
1258,748.046875,1.425939466704162,748.046875,2.8304874397568294,32.465856301225216,24.78547667562958,1.3098741947193373,60.08182041661163,3984.375,0.0118241175852384,0.2737107692307692,0.3447930991614016
1259,738.28125,3.06298658052118,738.28125,1.0501230883194066,29.988749050037026,9.77833438175802,3.0668565707859776,40.817206520114446,4046.875,0.012635531976091,0.2716213740458015,0.3619468984002868
1260,735.3515625,4.138598049043878,735.3515625,7.304347075344127,76.9243180868616,11.5044576201597,6.686479330591316,95.73312278236544,4625.0,0.0216044023175997,0.2793304347826086,0.435969437369233
1261,699.21875,2.146992623229579,699.21875,431.60096126865847,2434.5928775384264,3290.458538354489,0.7398947135057751,6156.652377161574,4218.75,0.042172504989358,0.394046511627907,0.4586360765900453
